date,river_discharge,precipitation,soil_moisture,river_discharge_lag1,river_discharge_lag2,river_discharge_lag3,precipitation_roll3,precipitation_roll7,soil_moisture_roll3,month,is_rainy_season
2024-01-07,69.31,12.4,0.495625,68.82,123.45,55.49,37.9,146.6,0.49866666666666665,1,1
2024-01-08,73.82,13.5,0.500375,69.31,68.82,123.45,35.5,149.1,0.49756944444444445,1,1
2024-01-09,71.61,2.7,0.48541666666666666,73.82,69.31,68.82,28.6,143.39999999999998,0.49380555555555555,1,1
2024-01-10,52.33,20.4,0.49195833333333333,71.61,73.82,69.31,36.6,134.29999999999998,0.4925833333333333,1,1
2024-01-11,62.97,14.5,0.49195833333333333,52.33,71.61,73.82,37.6,89.0,0.4897777777777778,1,1
2024-01-12,72.28,1.4,0.4865,62.97,52.33,71.61,36.3,74.5,0.4901388888888889,1,1
2024-01-13,46.53,1.7,0.4712083333333333,72.28,62.97,52.33,17.6,66.60000000000001,0.4832222222222222,1,1
2024-01-14,40.3,7.8,0.47075,46.53,72.28,62.97,10.899999999999999,62.0,0.4761527777777778,1,1
2024-01-15,52.46,2.8,0.46866666666666673,40.3,46.53,72.28,12.299999999999999,51.3,0.47020833333333334,1,1
2024-01-16,44.5,0.30000000000000004,0.4635416666666667,52.46,40.3,46.53,10.9,48.9,0.46765277777777786,1,1
2024-01-17,32.04,4.5,0.4515833333333333,44.5,52.46,40.3,7.6,33.0,0.4612638888888889,1,1
2024-01-18,33.36,2.6,0.46974999999999995,32.04,44.5,52.46,7.4,21.099999999999998,0.46162499999999995,1,1
2024-01-19,41.46,13.8,0.49345833333333333,33.36,32.04,44.5,20.900000000000002,33.5,0.47159722222222217,1,1
2024-01-20,50.64,0.0,0.4774583333333333,41.46,33.36,32.04,16.400000000000002,31.799999999999997,0.48022222222222216,1,1
2024-01-21,33.36,5.7,0.4716666666666667,50.64,41.46,33.36,19.500000000000004,29.700000000000003,0.48086111111111113,1,1
2024-01-22,27.51,0.6,0.47329166666666667,33.36,50.64,41.46,6.300000000000002,27.5,0.4741388888888889,1,1
2024-01-23,22.01,0.5,0.4486666666666667,27.51,33.36,50.64,6.800000000000002,27.7,0.4645416666666667,1,1
2024-01-24,19.23,1.5,0.43083333333333335,22.01,27.51,33.36,2.600000000000002,24.7,0.4509305555555556,1,1
2024-01-25,21.18,1.1,0.4090416666666667,19.23,22.01,27.51,3.100000000000002,23.200000000000003,0.4295138888888889,1,1
2024-01-26,21.75,4.0,0.408625,21.18,19.23,22.01,6.600000000000001,13.4,0.41616666666666663,1,1
2024-01-27,27.44,27.1,0.4935833333333333,21.75,21.18,19.23,32.2,40.5,0.4370833333333333,1,1
2024-01-28,40.02,25.8,0.5021666666666667,27.44,21.75,21.18,56.900000000000006,60.599999999999994,0.46812499999999996,1,1
2024-01-29,62.24,21.400000000000002,0.5064166666666666,40.02,27.44,21.75,74.30000000000001,81.4,0.5007222222222222,1,1
2024-01-30,63.27,11.5,0.50275,62.24,40.02,27.44,58.7,92.4,0.5037777777777778,1,1
2024-01-31,79.17,20.6,0.5015833333333334,63.27,62.24,40.02,53.50000000000001,111.5,0.5035833333333334,1,1
2024-02-01,62.53,13.1,0.49066666666666664,79.17,63.27,62.24,45.2,123.5,0.49833333333333346,2,1
2024-02-02,62.24,11.799999999999999,0.49499999999999994,62.53,79.17,63.27,45.5,131.3,0.49574999999999997,2,1
2024-02-03,54.85,12.0,0.5000416666666666,62.24,62.53,79.17,36.9,116.2,0.49523611111111104,2,1
2024-02-04,62.53,2.2,0.4932083333333333,54.85,62.24,62.53,25.999999999999996,92.60000000000001,0.4960833333333334,2,1
2024-02-05,54.72,5.2,0.496,62.53,54.85,62.24,19.4,76.4,0.4964166666666667,2,1
2024-02-06,53.95,8.3,0.503875,54.72,62.53,54.85,15.700000000000001,73.2,0.49769444444444444,2,1
2024-02-07,51.24,3.0,0.49099999999999994,53.95,54.72,62.53,16.5,55.6,0.4969583333333334,2,1
2024-02-08,43.26,4.5,0.48066666666666663,51.24,53.95,54.72,15.8,47.0,0.49184722222222227,2,1
2024-02-09,32.19,4.5,0.4638333333333333,43.26,51.24,53.95,12.0,39.7,0.4785,2,1
2024-02-10,42.35,5.8,0.4716666666666667,32.19,43.26,51.24,14.8,33.5,0.4720555555555556,2,1
2024-02-11,57.48,9.4,0.4879166666666666,42.35,32.19,43.26,19.7,40.7,0.47447222222222224,2,1
2024-02-12,46.42,6.8,0.490375,57.48,42.35,32.19,22.0,42.3,0.48331944444444447,2,1
2024-02-13,41.76,9.2,0.49495833333333333,46.42,57.48,42.35,25.4,43.2,0.49108333333333337,2,1
2024-02-14,34.97,18.7,0.499875,41.76,46.42,57.48,34.7,58.900000000000006,0.4950694444444445,2,1
2024-02-15,37.9,11.100000000000001,0.48570833333333335,34.97,41.76,46.42,39.0,65.5,0.493513888888889,2,1
2024-02-16,48.77,12.100000000000001,0.49475,37.9,34.97,41.76,41.900000000000006,73.10000000000001,0.4934444444444445,2,1
2024-02-17,77.52,15.4,0.49875,48.77,37.9,34.97,38.6,82.7,0.4930694444444445,2,1
2024-02-18,113.29,2.4,0.49533333333333335,77.52,48.77,37.9,29.900000000000002,75.7,0.4962777777777778,2,1
2024-02-19,69.31,5.5,0.4904583333333333,113.29,77.52,48.77,23.3,74.4,0.49484722222222227,2,1
2024-02-20,57.61,0.0,0.4742916666666666,69.31,113.29,77.52,7.9,65.2,0.4866944444444445,2,1
2024-02-21,50.88,10.1,0.47200000000000003,57.61,69.31,113.29,15.6,56.6,0.47891666666666666,2,1
2024-02-22,46.21,0.2,0.47854166666666664,50.88,57.61,69.31,10.299999999999999,45.699999999999996,0.47494444444444445,2,1
2024-02-23,38.9,0.8,0.453125,46.21,50.88,57.61,11.1,34.4,0.46788888888888897,2,1
2024-02-24,36.67,12.6,0.46449999999999997,38.9,46.21,50.88,13.6,31.599999999999998,0.4653888888888889,2,1
2024-02-25,50.76,22.0,0.4905,36.67,38.9,46.21,35.4,51.2,0.46937500000000004,2,1
2024-02-26,63.86,6.4,0.49241666666666667,50.76,36.67,38.9,40.99999999999999,52.1,0.48247222222222225,2,1
2024-02-27,64.46,6.5,0.48420833333333335,63.86,50.76,36.67,34.9,58.6,0.48904166666666676,2,1
2024-02-28,88.33,34.6,0.5026666666666667,64.46,63.86,50.76,47.5,83.1,0.49309722222222224,2,1
2024-02-29,72.45,11.3,0.4991666666666667,88.33,64.46,63.86,52.400000000000006,94.2,0.4953472222222222,2,1
2024-03-01,69.47,7.6000000000000005,0.498,72.45,88.33,64.46,53.5,101.0,0.49994444444444447,3,1
2024-03-02,66.3,12.2,0.5027916666666666,69.47,72.45,88.33,31.1,100.60000000000001,0.4999861111111112,3,1
2024-03-03,83.33,7.300000000000001,0.49666666666666665,66.3,69.47,72.45,27.1,85.9,0.4991527777777778,3,1
2024-03-04,68.82,6.000000000000001,0.49291666666666667,83.33,66.3,69.47,25.5,85.5,0.49745833333333334,3,1
2024-03-05,64.31,11.8,0.49420833333333336,68.82,83.33,66.3,25.1,90.80000000000001,0.4945972222222223,3,1
2024-03-06,69.31,8.700000000000001,0.4950833333333333,64.31,68.82,83.33,26.5,64.9,0.4940694444444445,3,1
2024-03-07,73.64,7.199999999999999,0.49379166666666663,69.31,64.31,68.82,27.700000000000003,60.800000000000004,0.4943611111111112,3,1
2024-03-08,68.82,8.5,0.49291666666666667,73.64,69.31,64.31,24.4,61.7,0.4939305555555556,3,1
2024-03-09,71.44,9.5,0.5002083333333334,68.82,73.64,69.31,25.2,59.0,0.49563888888888896,3,1
2024-03-10,64.01,3.8000000000000003,0.4992916666666667,71.44,68.82,73.64,21.8,55.50000000000001,0.4974722222222223,3,1
2024-03-11,58.16,37.5,0.5032916666666667,64.01,71.44,68.82,50.8,87.0,0.5009305555555557,3,1
2024-03-12,107.14,8.5,0.49970833333333337,58.16,64.01,71.44,49.8,83.7,0.500763888888889,3,1
2024-03-13,97.86,24.6,0.50825,107.14,58.16,64.01,70.6,99.6,0.50375,3,1
2024-03-14,109.15,8.700000000000001,0.5,97.86,107.14,58.16,41.800000000000004,101.1,0.5026527777777778,3,1
2024-03-15,80.66,4.5,0.49300000000000005,109.15,97.86,107.14,37.800000000000004,97.1,0.5004166666666667,3,1
2024-03-16,49.93,5.3,0.494875,80.66,109.15,97.86,18.5,92.9,0.49595833333333345,3,1
2024-03-17,50.64,3.3,0.485625,49.93,80.66,109.15,13.1,92.4,0.49116666666666675,3,1
2024-03-18,51.36,1.0,0.4797916666666666,50.64,49.93,80.66,9.6,55.900000000000006,0.48676388888888894,3,1
2024-03-19,34.16,0.4,0.46070833333333333,51.36,50.64,49.93,4.7,47.800000000000004,0.47537500000000005,3,1
2024-03-20,23.83,0.0,0.44495833333333334,34.16,51.36,50.64,1.4,23.2,0.4618194444444445,3,1
2024-03-21,20.48,4.6,0.44054166666666666,23.83,34.16,51.36,5.0,19.1,0.4487361111111112,3,1
2024-03-22,20.04,10.4,0.465625,20.48,23.83,34.16,15.0,25.0,0.45037500000000014,3,1
2024-03-23,33.75,5.2,0.45245833333333335,20.04,20.48,23.83,20.2,24.9,0.45287500000000014,3,1
2024-03-24,29.69,9.200000000000001,0.4688333333333334,33.75,20.04,20.48,24.800000000000004,30.800000000000004,0.4623055555555557,3,1
2024-03-25,27.38,19.599999999999998,0.48300000000000004,29.69,33.75,20.04,34.0,49.400000000000006,0.46809722222222233,3,1
2024-03-26,58.57,1.1,0.44212500000000005,27.38,29.69,33.75,29.900000000000002,50.1,0.46465277777777786,3,1
2024-03-27,34.89,16.599999999999998,0.49041666666666667,58.57,27.38,29.69,37.3,66.7,0.4718472222222223,3,1
2024-03-28,50.05,6.6,0.49379166666666663,34.89,58.57,27.38,24.299999999999997,68.7,0.4754444444444445,3,1
2024-03-29,45.13,5.6000000000000005,0.4902916666666666,50.05,34.89,58.57,28.799999999999997,63.9,0.49150000000000005,3,1
2024-03-30,45.13,8.1,0.4825,45.13,50.05,34.89,20.3,66.8,0.48886111111111114,3,1
2024-03-31,45.45,11.8,0.49379166666666663,45.13,45.13,50.05,25.5,69.4,0.48886111111111114,3,1
2024-04-01,41.17,3.7,0.48425,45.45,45.13,45.13,23.6,53.50000000000001,0.48684722222222226,4,0
2024-04-02,36.07,4.2,0.49020833333333336,41.17,45.45,45.13,19.700000000000003,56.6,0.4894166666666668,4,0
2024-04-03,40.21,14.899999999999999,0.4965833333333333,36.07,41.17,45.45,22.8,54.9,0.49034722222222227,4,0
2024-04-04,60.38,5.0,0.49704166666666666,40.21,36.07,41.17,24.1,53.3,0.49461111111111117,4,0
2024-04-05,66.3,9.6,0.4927916666666667,60.38,40.21,36.07,29.5,57.3,0.4954722222222223,4,0
2024-04-06,57.61,6.9,0.49095833333333333,66.3,60.38,40.21,21.5,56.1,0.4935972222222223,4,0
2024-04-07,51.36,6.0,0.48304166666666665,57.61,66.3,60.38,22.5,50.3,0.48893055555555565,4,0
2024-04-08,35.64,0.8,0.464625,51.36,57.61,66.3,13.700000000000003,47.4,0.47954166666666675,4,0
2024-04-09,24.76,12.100000000000001,0.46849999999999997,35.64,51.36,57.61,18.900000000000006,55.300000000000004,0.4720555555555556,4,0
2024-04-10,29.13,1.5,0.4729583333333333,24.76,35.64,51.36,14.400000000000004,41.900000000000006,0.4686944444444445,4,0
2024-04-11,34.48,6.6,0.46416666666666667,29.13,24.76,35.64,20.200000000000003,43.5,0.4685416666666667,4,0
2024-04-12,48.89,22.9,0.5052916666666667,34.48,29.13,24.76,31.0,56.8,0.48080555555555565,4,0
2024-04-13,68.98,6.5,0.488,48.89,34.48,29.13,36.0,56.400000000000006,0.4858194444444445,4,0
2024-04-14,61.95,3.1,0.48620833333333335,68.98,48.89,34.48,32.5,53.5,0.49316666666666675,4,0
2024-04-15,53.83,6.7,0.4736666666666667,61.95,68.98,48.89,16.3,59.4,0.4826250000000001,4,0
2024-04-16,41.36,5.3,0.46900000000000003,53.83,61.95,68.98,15.100000000000001,52.599999999999994,0.4762916666666668,4,0
2024-04-17,35.14,8.5,0.465125,41.36,53.83,61.95,20.5,59.599999999999994,0.469263888888889,4,0
2024-04-18,49.58,8.0,0.47075,35.14,41.36,53.83,21.8,61.0,0.4682916666666668,4,0
2024-04-19,41.76,4.8,0.46304166666666663,49.58,35.14,41.36,21.3,42.9,0.4663055555555556,4,0
2024-04-20,30.7,14.100000000000001,0.47475,41.76,49.58,35.14,26.900000000000002,50.50000000000001,0.46951388888888895,4,0
2024-04-21,51.84,28.5,0.5013333333333333,30.7,41.76,49.58,47.400000000000006,75.9,0.4797083333333334,4,0
2024-04-22,45.13,2.8999999999999995,0.48616666666666664,51.84,30.7,41.76,45.50000000000001,72.10000000000001,0.48741666666666666,4,0
2024-04-23,33.99,12.3,0.498375,45.13,51.84,30.7,43.7,79.10000000000001,0.4952916666666667,4,0
2024-04-24,37.64,16.3,0.4965,33.99,45.13,51.84,31.5,86.9,0.4936805555555556,4,0
2024-04-25,41.17,20.1,0.49833333333333335,37.64,33.99,45.13,48.7,99.0,0.49773611111111116,4,0
2024-04-26,51.24,11.5,0.4990833333333333,41.17,37.64,33.99,47.900000000000006,105.70000000000002,0.49797222222222226,4,0
2024-04-27,46.75,26.400000000000002,0.49816666666666665,51.24,41.17,37.64,58.0,118.0,0.4985277777777779,4,0
2024-04-28,57.88,0.30000000000000004,0.487625,46.75,51.24,41.17,38.2,89.8,0.4949583333333334,4,0
2024-04-29,35.98,3.6,0.478875,57.88,46.75,51.24,30.300000000000004,90.5,0.4882222222222223,4,0
2024-04-30,33.83,8.6,0.47866666666666663,35.98,57.88,46.75,12.5,86.8,0.4817222222222222,4,0
2024-05-01,29.69,13.899999999999999,0.49420833333333336,33.83,35.98,57.88,26.099999999999998,84.4,0.4839166666666667,5,0
2024-05-02,32.73,12.0,0.4945833333333333,29.69,33.83,35.98,34.5,76.30000000000001,0.4891527777777778,5,0
2024-05-03,31.28,9.299999999999999,0.4854583333333333,32.73,29.69,33.83,35.199999999999996,74.10000000000001,0.4914166666666668,5,0
2024-05-04,23.49,1.7,0.47729166666666667,31.28,32.73,29.69,23.0,49.4,0.48577777777777786,5,0
2024-05-05,18.86,2.3,0.45808333333333334,23.49,31.28,32.73,13.299999999999999,51.4,0.47361111111111115,5,0
2024-05-06,17.97,12.4,0.4400833333333333,18.86,23.49,31.28,16.4,60.199999999999996,0.45848611111111115,5,0
2024-05-07,21.44,0.30000000000000004,0.407875,17.97,18.86,23.49,15.000000000000002,51.89999999999999,0.4353472222222223,5,0
2024-05-08,16.82,0.9000000000000001,0.4059166666666667,21.44,17.97,18.86,13.600000000000001,38.900000000000006,0.41795833333333343,5,0
2024-05-09,12.68,5.9,0.412,16.82,21.44,17.97,7.1000000000000005,32.8,0.4085972222222223,5,0
2024-05-10,12.87,7.6,0.408,12.68,16.82,21.44,14.4,31.1,0.40863888888888894,5,0
2024-05-11,19.8,4.3,0.4342916666666667,12.87,12.68,16.82,17.8,33.7,0.4180972222222223,5,0
2024-05-12,30.33,0.9,0.43754166666666666,19.8,12.87,12.68,12.799999999999999,32.300000000000004,0.4266111111111112,5,0
2024-05-13,26.16,33.1,0.4459166666666667,30.33,19.8,12.87,38.3,53.0,0.4392500000000001,5,0
2024-05-14,45.99,1.2,0.46904166666666663,26.16,30.33,19.8,35.20000000000001,53.90000000000001,0.4508333333333334,5,0
2024-05-15,35.56,1.0,0.4648333333333334,45.99,26.16,30.33,35.300000000000004,54.00000000000001,0.45993055555555556,5,0
2024-05-16,14.81,4.3,0.454,35.56,45.99,26.16,6.5,52.400000000000006,0.46262500000000006,5,0
2024-05-17,16.66,0.30000000000000004,0.45179166666666665,14.81,35.56,45.99,5.6,45.1,0.45687500000000014,5,0
2024-05-18,13.29,5.0,0.44375000000000003,16.66,14.81,35.56,9.6,45.800000000000004,0.4498472222222223,5,0
2024-05-19,18.28,3.3,0.42254166666666665,13.29,16.66,14.81,8.6,48.20000000000001,0.43936111111111115,5,0
2024-05-20,23.43,0.1,0.40958333333333335,18.28,13.29,16.66,8.399999999999999,15.200000000000006,0.4252916666666668,5,0
2024-05-21,15.03,8.2,0.403875,23.43,18.28,13.29,11.599999999999998,22.200000000000006,0.4120000000000001,5,0
2024-05-22,11.82,10.0,0.44729166666666664,15.03,23.43,18.28,18.299999999999997,31.200000000000006,0.42025000000000007,5,0
2024-05-23,32.81,11.7,0.4804583333333334,11.82,15.03,23.43,29.9,38.60000000000001,0.4438750000000001,5,0
2024-05-24,33.67,15.8,0.4932083333333333,32.81,11.82,15.03,37.5,54.10000000000001,0.47365277777777787,5,0
2024-05-25,68.34,41.0,0.509875,33.67,32.81,11.82,68.5,90.10000000000001,0.4945138888888889,5,0
2024-05-26,54.72,0.0,0.48137499999999994,68.34,33.67,32.81,56.800000000000004,86.80000000000001,0.4948194444444445,5,0
2024-05-27,23.83,0.8,0.4619583333333333,54.72,68.34,33.67,41.8,87.5,0.4844027777777778,5,0
2024-05-28,21.28,5.0,0.455,23.83,54.72,68.34,5.8,84.30000000000001,0.46611111111111114,5,0
2024-05-29,16.66,3.0,0.46449999999999997,21.28,23.83,54.72,8.8,77.30000000000001,0.4604861111111112,5,0
2024-05-30,14.6,1.0,0.44966666666666666,16.66,21.28,23.83,9.0,66.60000000000001,0.45638888888888896,5,0
2024-05-31,13.16,1.2000000000000002,0.4298333333333333,14.6,16.66,21.28,5.2,52.00000000000001,0.448,5,0
2024-06-01,12.4,3.1,0.42854166666666665,13.16,14.6,16.66,5.300000000000001,14.100000000000007,0.4360138888888889,6,0
2024-06-02,25.85,7.300000000000001,0.44329166666666664,12.4,13.16,14.6,11.600000000000001,21.400000000000006,0.43388888888888894,6,0
2024-06-03,40.02,7.6000000000000005,0.4819583333333333,25.85,12.4,13.16,18.000000000000004,28.200000000000006,0.45126388888888896,6,0
2024-06-04,33.59,0.7000000000000001,0.47420833333333334,40.02,25.85,12.4,15.600000000000001,23.900000000000006,0.46648611111111116,6,0
2024-06-05,19.8,1.0,0.46495833333333336,33.59,40.02,25.85,9.3,21.900000000000006,0.47370833333333345,6,0
2024-06-06,17.79,0.7999999999999999,0.435875,19.8,33.59,40.02,2.5,21.700000000000006,0.4583472222222223,6,0
2024-06-07,16.62,1.0,0.427875,17.79,19.8,33.59,2.8,21.500000000000007,0.44290277777777787,6,0
2024-06-08,13.62,1.1,0.4205833333333333,16.62,17.79,19.8,2.9,19.500000000000007,0.42811111111111116,6,0
2024-06-09,11.94,13.7,0.45979166666666665,13.62,16.62,17.79,15.799999999999999,25.900000000000006,0.4360833333333334,6,0
2024-06-10,17.84,6.7,0.4569166666666667,11.94,13.62,16.62,21.5,25.000000000000007,0.4457638888888889,6,0
2024-06-11,17.97,15.3,0.49379166666666663,17.84,11.94,13.62,35.7,39.60000000000001,0.4701666666666668,6,0
2024-06-12,19.28,9.200000000000001,0.49145833333333333,17.97,17.84,11.94,31.200000000000003,47.80000000000001,0.48072222222222233,6,0
2024-06-13,35.06,10.6,0.49420833333333336,19.28,17.97,17.84,35.1,57.60000000000001,0.49315277777777783,6,0
2024-06-14,37.73,10.799999999999999,0.49137499999999995,35.06,19.28,17.97,30.6,67.4,0.49234722222222227,6,0
2024-06-15,27.84,6.9,0.4985,37.73,35.06,19.28,28.299999999999997,73.2,0.4946944444444445,6,0
2024-06-16,24.76,9.700000000000001,0.49462500000000004,27.84,37.73,35.06,27.4,69.2,0.4948333333333334,6,0
2024-06-17,17.97,0.8,0.47412499999999996,24.76,27.84,37.73,17.400000000000002,63.30000000000001,0.4890833333333335,6,0
2024-06-18,12.93,9.3,0.48220833333333335,17.97,24.76,27.84,19.800000000000004,57.30000000000001,0.4836527777777779,6,0
2024-06-19,20.09,0.0,0.4705,12.93,17.97,24.76,10.100000000000001,48.10000000000001,0.47561111111111115,6,0
2024-06-20,14.21,0.0,0.4442916666666667,20.09,12.93,17.97,9.3,37.500000000000014,0.46566666666666673,6,0
2024-06-21,8.86,0.3,0.4295,14.21,20.09,12.93,0.3,27.000000000000007,0.4480972222222223,6,0
2024-06-22,7.91,0.0,0.41712499999999997,8.86,14.21,20.09,0.3,20.10000000000001,0.43030555555555566,6,0
2024-06-23,7.32,0.0,0.39962500000000006,7.91,8.86,14.21,0.3,10.40000000000001,0.41541666666666677,6,0
2024-06-24,6.78,0.8,0.38854166666666673,7.32,7.91,8.86,0.8,10.400000000000007,0.40176388888888903,6,0
2024-06-25,7.69,6.0,0.413875,6.78,7.32,7.91,6.8,7.100000000000007,0.4006805555555557,6,0
2024-06-26,20.98,0.4,0.466875,7.69,6.78,7.32,7.2,7.500000000000007,0.4230972222222223,6,0
2024-06-27,12.52,4.6,0.45870833333333333,20.98,7.69,6.78,11.0,12.100000000000007,0.44648611111111114,6,0
2024-06-28,21.49,9.200000000000001,0.46058333333333334,12.52,20.98,7.69,14.200000000000001,21.000000000000007,0.46205555555555566,6,0
2024-06-29,26.86,6.3,0.468375,21.49,12.52,20.98,20.1,27.300000000000008,0.46255555555555566,6,0
2024-06-30,28.38,0.5,0.4509166666666667,26.86,21.49,12.52,16.0,27.800000000000008,0.4599583333333334,6,0
2024-07-01,17.79,7.3999999999999995,0.456875,28.38,26.86,21.49,14.2,34.400000000000006,0.45872222222222225,7,0
2024-07-02,50.29,4.9,0.4827916666666667,17.79,28.38,26.86,12.8,33.300000000000004,0.4635277777777778,7,0
2024-07-03,37.02,1.6,0.46537500000000004,50.29,17.79,28.38,13.9,34.50000000000001,0.4683472222222223,7,0
2024-07-04,19.04,11.200000000000001,0.480375,37.02,50.29,17.79,17.700000000000003,41.10000000000001,0.4761805555555556,7,0
2024-07-05,27.84,6.4,0.49420833333333336,19.04,37.02,50.29,19.200000000000003,38.30000000000001,0.4799861111111112,7,0
2024-07-06,37.11,18.0,0.507375,27.84,19.04,37.02,35.6,50.000000000000014,0.4939861111111112,7,0
2024-07-07,42.55,5.7,0.49704166666666666,37.11,27.84,19.04,30.1,55.20000000000001,0.4995416666666668,7,0
2024-07-08,22.39,26.4,0.48170833333333335,42.55,37.11,27.84,50.1,74.20000000000002,0.4953750000000001,7,0
2024-07-09,49.23,10.9,0.4989166666666667,22.39,42.55,37.11,43.0,80.2,0.49255555555555564,7,0
2024-07-10,29.06,0.0,0.47741666666666666,49.23,22.39,42.55,37.3,78.60000000000001,0.48601388888888897,7,0
2024-07-11,32.5,0.2,0.4560416666666667,29.06,49.23,22.39,11.100000000000003,67.60000000000001,0.4774583333333334,7,0
2024-07-12,23.89,0.0,0.43983333333333335,32.5,29.06,49.23,0.20000000000000356,61.2,0.4577638888888889,7,0
2024-07-13,19.28,0.0,0.42120833333333335,23.89,32.5,29.06,0.20000000000000356,43.2,0.43902777777777785,7,0
2024-07-14,16.34,0.0,0.4075416666666667,19.28,23.89,32.5,0.0,37.50000000000001,0.4228611111111112,7,0
2024-07-15,14.49,0.0,0.39283333333333337,16.34,19.28,23.89,0.0,11.100000000000007,0.4071944444444446,7,0
2024-07-16,12.93,0.0,0.37716666666666665,14.49,16.34,19.28,0.0,0.20000000000000712,0.392513888888889,7,0
2024-07-17,11.65,0.2,0.36637499999999995,12.93,14.49,16.34,0.20000000000000356,0.4000000000000071,0.3787916666666667,7,0
2024-07-18,10.97,0.30000000000000004,0.35704166666666665,11.65,12.93,14.49,0.5000000000000036,0.5000000000000071,0.36686111111111114,7,0
2024-07-19,10.72,0.4,0.34229166666666666,10.97,11.65,12.93,0.9000000000000037,0.9000000000000072,0.35523611111111114,7,0
2024-07-20,9.64,0.0,0.3320416666666667,10.72,10.97,11.65,0.7000000000000037,0.9000000000000072,0.3437916666666667,7,0
2024-07-21,8.86,0.0,0.32245833333333335,9.64,10.72,10.97,0.4000000000000036,0.9000000000000072,0.33226388888888897,7,0
2024-07-22,8.16,0.0,0.31095833333333334,8.86,9.64,10.72,0.0,0.9000000000000072,0.32181944444444455,7,0
2024-07-23,7.41,0.0,0.30195833333333333,8.16,8.86,9.64,0.0,0.9000000000000072,0.31179166666666674,7,0
2024-07-24,7.65,1.3,0.29304166666666664,7.41,8.16,8.86,1.3000000000000036,2.000000000000007,0.3019861111111112,7,0
2024-07-25,7.41,1.1,0.29716666666666663,7.65,7.41,8.16,2.400000000000004,2.8000000000000074,0.2973888888888889,7,0
2024-07-26,7.71,0.4,0.2916666666666667,7.41,7.65,7.41,2.800000000000004,2.8000000000000074,0.2939583333333334,7,0
2024-07-27,8.93,0.0,0.2828333333333333,7.71,7.41,7.65,1.5000000000000036,2.8000000000000074,0.2905555555555556,7,0
2024-07-28,7.34,0.5,0.278625,8.93,7.71,7.41,0.9000000000000036,3.3000000000000074,0.2843750000000001,7,0
2024-07-29,6.59,0.1,0.2759166666666667,7.34,8.93,7.71,0.6000000000000035,3.4000000000000075,0.27912500000000007,7,0
2024-07-30,6.11,0.0,0.27145833333333336,6.59,7.34,8.93,0.6000000000000035,3.4000000000000075,0.27533333333333343,7,0
2024-07-31,5.64,0.0,0.270125,6.11,6.59,7.34,0.10000000000000356,2.100000000000007,0.2725000000000001,7,0
2024-08-01,5.17,1.7,0.277,5.64,6.11,6.59,1.7000000000000035,2.7000000000000073,0.27286111111111117,8,0
2024-08-02,8.25,13.7,0.353875,5.17,5.64,6.11,15.400000000000002,16.000000000000007,0.3003333333333334,8,0
2024-08-03,14.74,8.399999999999999,0.4335833333333334,8.25,5.17,5.64,23.8,24.400000000000006,0.3548194444444445,8,0
2024-08-04,30.84,0.30000000000000004,0.4202083333333333,14.74,8.25,5.17,22.400000000000002,24.200000000000006,0.4025555555555556,8,0
2024-08-05,18.01,4.0,0.4049583333333333,30.84,14.74,8.25,12.700000000000003,28.100000000000005,0.4195833333333334,8,0
2024-08-06,12.18,0.0,0.37045833333333333,18.01,30.84,14.74,4.300000000000003,28.100000000000005,0.39854166666666674,8,0
2024-08-07,8.89,0.0,0.35504166666666664,12.18,18.01,30.84,4.0000000000000036,28.100000000000005,0.37681944444444454,8,0
2024-08-08,6.85,2.4,0.35504166666666664,8.89,12.18,18.01,2.4000000000000035,28.800000000000004,0.36018055555555567,8,0
2024-08-09,9.3,1.0,0.376875,6.85,8.89,12.18,3.4000000000000035,16.100000000000005,0.36231944444444447,8,0
2024-08-10,7.75,0.4,0.36074999999999996,9.3,6.85,8.89,3.8000000000000034,8.100000000000007,0.3642222222222222,8,0
2024-08-11,6.31,2.2,0.3549166666666666,7.75,9.3,6.85,3.6000000000000036,10.000000000000007,0.36418055555555556,8,0
2024-08-12,9.72,0.0,0.3443333333333333,6.31,7.75,9.3,2.6000000000000036,6.000000000000007,0.35333333333333333,8,0
2024-08-13,7.71,0.0,0.32816666666666666,9.72,6.31,7.75,2.2000000000000037,6.000000000000007,0.3424722222222223,8,0
2024-08-14,5.52,0.0,0.314375,7.71,9.72,6.31,0.0,6.000000000000007,0.3289583333333334,8,0
2024-08-15,4.7,0.0,0.30304166666666665,5.52,7.71,9.72,0.0,3.600000000000007,0.3151944444444445,8,0
2024-08-16,6.16,0.3,0.2932916666666667,4.7,5.52,7.71,0.30000000000000354,2.900000000000007,0.30356944444444456,8,0
2024-08-17,5.43,0.1,0.29116666666666663,6.16,4.7,5.52,0.4000000000000036,2.600000000000007,0.2958333333333334,8,0
2024-08-18,4.11,0.5,0.29183333333333333,5.43,6.16,4.7,0.9000000000000036,0.9000000000000071,0.2920972222222223,8,0
2024-08-19,3.92,0.0,0.2867083333333333,4.11,5.43,6.16,0.6000000000000036,0.9000000000000071,0.2899027777777778,8,0
2024-08-20,3.66,0.0,0.28141666666666665,3.92,4.11,5.43,0.5000000000000036,0.9000000000000071,0.2866527777777778,8,0
2024-08-21,3.34,0.7,0.2777083333333334,3.66,3.92,4.11,0.7000000000000035,1.6000000000000072,0.28194444444444455,8,0
2024-08-22,3.33,0.30000000000000004,0.27266666666666667,3.34,3.66,3.92,1.0000000000000036,1.900000000000007,0.277263888888889,8,0
2024-08-23,3.23,0.0,0.2731666666666667,3.33,3.34,3.66,1.0000000000000036,1.6000000000000072,0.274513888888889,8,0
2024-08-24,3.21,1.3,0.2797916666666667,3.23,3.33,3.34,1.6000000000000036,2.800000000000007,0.27520833333333344,8,0
2024-08-25,2.93,0.1,0.2814166666666667,3.21,3.23,3.33,1.4000000000000037,2.400000000000007,0.2781250000000001,8,0
2024-08-26,2.72,0.0,0.2777916666666667,2.93,3.21,3.23,1.4000000000000037,2.400000000000007,0.2796666666666668,8,0
2024-08-27,2.7,0.0,0.28475,2.72,2.93,3.21,0.10000000000000356,2.400000000000007,0.2813194444444445,8,0
2024-08-28,2.95,0.0,0.28058333333333335,2.7,2.72,2.93,0.0,1.700000000000007,0.2810416666666668,8,0
2024-08-29,3.03,0.30000000000000004,0.28358333333333335,2.95,2.7,2.72,0.3000000000000036,1.7000000000000068,0.28297222222222235,8,0
2024-08-30,3.29,0.0,0.2905,3.03,2.95,2.7,0.3000000000000036,1.7000000000000068,0.28488888888888897,8,0
2024-08-31,3.66,0.0,0.2889583333333333,3.29,3.03,2.95,0.3000000000000036,0.4000000000000071,0.28768055555555566,8,0
2024-09-01,4.08,0.1,0.28375,3.66,3.29,3.03,0.10000000000000356,0.4000000000000071,0.2877361111111112,9,0
2024-09-02,4.15,4.5,0.2979583333333333,4.08,3.66,3.29,4.600000000000003,4.9000000000000075,0.2902222222222223,9,0
2024-09-03,5.3,3.8,0.3292916666666667,4.15,4.08,3.66,8.400000000000002,8.700000000000006,0.30366666666666675,9,0
2024-09-04,6.52,0.30000000000000004,0.3308333333333333,5.3,4.15,4.08,8.600000000000003,9.000000000000007,0.3193611111111112,9,0
2024-09-05,5.4,15.2,0.33725,6.52,5.3,4.15,19.300000000000004,23.900000000000006,0.3324583333333334,9,0
2024-09-06,15.48,1.3,0.313375,5.4,6.52,5.3,16.8,25.200000000000006,0.32715277777777785,9,0
2024-09-07,9.84,0.0,0.303625,15.48,5.4,6.52,16.5,25.200000000000006,0.31808333333333344,9,0
2024-09-08,5.05,0.5,0.29362499999999997,9.84,15.48,5.4,1.8000000000000036,25.60000000000001,0.30354166666666677,9,0
2024-09-09,7.95,11.1,0.3252083333333333,5.05,9.84,15.48,11.600000000000003,32.20000000000001,0.3074861111111112,9,0
2024-09-10,29.76,19.3,0.41675,7.95,5.05,9.84,30.900000000000006,47.7,0.3451944444444445,9,0
2024-09-11,60.66,2.2,0.47020833333333334,29.76,7.95,5.05,32.6,49.6,0.4040555555555556,9,0
2024-09-12,29.55,12.0,0.44904166666666673,60.66,29.76,7.95,33.5,46.400000000000006,0.4453333333333334,9,0
2024-09-13,15.07,0.4,0.4518333333333333,29.55,60.66,29.76,14.600000000000003,45.50000000000001,0.45702777777777787,9,0
2024-09-14,10.64,0.0,0.41429166666666667,15.07,29.55,60.66,12.400000000000002,45.50000000000001,0.43838888888888894,9,0
2024-09-15,10.4,0.0,0.39162500000000006,10.64,15.07,29.55,0.4000000000000018,45.00000000000001,0.41925000000000007,9,0
2024-09-16,8.27,0.0,0.373125,10.4,10.64,15.07,0.0,33.900000000000006,0.393013888888889,9,0
2024-09-17,7.02,0.0,0.3564583333333333,8.27,10.4,10.64,0.0,14.600000000000003,0.3737361111111112,9,0
2024-09-18,6.21,0.0,0.34395833333333337,7.02,8.27,10.4,0.0,12.400000000000002,0.35784722222222226,9,0
2024-09-19,5.52,0.0,0.33283333333333337,6.21,7.02,8.27,0.0,0.4000000000000018,0.34441666666666676,9,0
2024-09-20,4.92,0.0,0.321875,5.52,6.21,7.02,0.0,0.0,0.332888888888889,9,0
2024-09-21,4.46,0.0,0.3134166666666667,4.92,5.52,6.21,0.0,0.0,0.32270833333333343,9,0
2024-09-22,4.07,1.7,0.3115,4.46,4.92,5.52,1.7000000000000017,1.7000000000000017,0.3155972222222223,9,0
2024-09-23,9.0,1.2,0.31683333333333336,4.07,4.46,4.92,2.9000000000000017,2.9000000000000017,0.31391666666666673,9,0
2024-09-24,16.1,11.5,0.41229166666666667,9.0,4.07,4.46,14.400000000000002,14.400000000000002,0.3468750000000001,9,0
2024-09-25,23.1,5.0,0.4417083333333333,16.1,9.0,4.07,17.700000000000003,19.400000000000002,0.3902777777777778,9,0
2024-09-26,19.51,18.1,0.4675,23.1,16.1,9.0,34.60000000000001,37.5,0.4405000000000001,9,0
2024-09-27,26.73,0.7000000000000001,0.46375000000000005,19.51,23.1,16.1,23.800000000000004,38.2,0.45765277777777785,9,0
2024-09-28,16.86,13.1,0.4691666666666667,26.73,19.51,23.1,31.900000000000006,51.300000000000004,0.4668055555555557,9,0
2024-09-29,17.45,3.6,0.46812499999999996,16.86,26.73,19.51,17.400000000000002,53.2,0.467013888888889,9,0
2024-09-30,14.49,0.4,0.44045833333333334,17.45,16.86,26.73,17.100000000000005,52.400000000000006,0.4592500000000001,9,0
2024-10-01,8.68,1.7999999999999998,0.4207916666666667,14.49,17.45,16.86,5.800000000000003,42.7,0.44312500000000005,10,0
2024-10-02,7.49,0.8,0.40620833333333334,8.68,14.49,17.45,3.0000000000000036,38.50000000000001,0.4224861111111112,10,0
2024-10-03,18.28,7.5,0.41250000000000003,7.49,8.68,14.49,10.100000000000003,27.900000000000002,0.41316666666666674,10,0
2024-10-04,18.72,21.9,0.45016666666666666,18.28,7.49,8.68,30.200000000000003,49.1,0.4229583333333334,10,0
2024-10-05,23.49,3.0,0.462375,18.72,18.28,7.49,32.400000000000006,39.0,0.44168055555555563,10,0
2024-10-06,14.7,6.0,0.44375000000000003,23.49,18.72,18.28,30.900000000000002,41.4,0.4520972222222223,10,0
2024-10-07,16.95,0.0,0.41654166666666664,14.7,23.49,18.72,9.000000000000004,41.0,0.44088888888888894,10,0
2024-10-08,9.94,0.0,0.39045833333333335,16.95,14.7,23.49,6.0000000000000036,39.2,0.41691666666666677,10,0
2024-10-09,5.89,2.0,0.37604166666666666,9.94,16.95,14.7,2.0000000000000036,40.4,0.39434722222222235,10,0
2024-10-10,5.79,4.8,0.3859166666666667,5.89,9.94,16.95,6.800000000000003,37.7,0.384138888888889,10,0
2024-10-11,19.04,1.7,0.4211666666666667,5.79,5.89,9.94,8.500000000000004,17.500000000000004,0.39437500000000014,10,0
2024-10-12,11.56,14.200000000000001,0.43695833333333334,19.04,5.79,5.89,20.700000000000003,28.700000000000003,0.41468055555555566,10,0
2024-10-13,24.12,13.6,0.4507083333333333,11.56,19.04,5.79,29.500000000000004,36.300000000000004,0.4362777777777778,10,0
2024-10-14,30.7,7.3,0.43354166666666666,24.12,11.56,19.04,35.1,43.6,0.44040277777777787,10,0
2024-10-15,27.25,1.5,0.40720833333333334,30.7,24.12,11.56,22.400000000000002,45.1,0.4304861111111112,10,0
2024-10-16,12.52,0.30000000000000004,0.38795833333333335,27.25,30.7,24.12,9.100000000000003,43.400000000000006,0.4095694444444445,10,0
2024-10-17,7.65,0.0,0.36595833333333333,12.52,27.25,30.7,1.8000000000000036,38.60000000000001,0.38704166666666673,10,0
2024-10-18,5.71,0.0,0.345625,7.65,12.52,27.25,0.3000000000000036,36.900000000000006,0.366513888888889,10,0
2024-10-19,4.51,0.7000000000000001,0.3336666666666667,5.71,7.65,12.52,0.7000000000000036,23.400000000000002,0.34841666666666676,10,0
2024-10-20,3.82,0.0,0.3229166666666667,4.51,5.71,7.65,0.7000000000000036,9.800000000000004,0.33406944444444453,10,0
2024-10-21,3.38,0.1,0.31354166666666666,3.82,4.51,5.71,0.8000000000000036,2.6000000000000036,0.32337500000000013,10,0
2024-10-22,3.1,0.0,0.3105,3.38,3.82,4.51,0.10000000000000356,1.1000000000000036,0.31565277777777784,10,0
2024-10-23,2.92,2.1,0.31604166666666667,3.1,3.38,3.82,2.2000000000000037,2.900000000000004,0.3133611111111112,10,0
2024-10-24,3.74,9.1,0.32995833333333335,2.92,3.1,3.38,11.200000000000003,12.000000000000004,0.31883333333333347,10,0
2024-10-25,8.98,0.4,0.37362500000000004,3.74,2.92,3.1,11.600000000000003,12.400000000000004,0.33987500000000015,10,0
2024-10-26,5.95,0.0,0.3619583333333333,8.98,3.74,2.92,9.500000000000004,11.700000000000005,0.3551805555555556,10,0
2024-10-27,6.05,0.0,0.34345833333333337,5.95,8.98,3.74,0.4000000000000036,11.700000000000005,0.3596805555555556,10,0
2024-10-28,5.73,0.9,0.334625,6.05,5.95,8.98,0.9000000000000036,12.500000000000004,0.34668055555555566,10,0
2024-10-29,6.16,0.1,0.33508333333333334,5.73,6.05,5.95,1.0000000000000036,12.600000000000003,0.33772222222222226,10,0
2024-10-30,4.09,3.3,0.3350416666666667,6.16,5.73,6.05,4.300000000000003,13.800000000000002,0.33491666666666675,10,0
2024-10-31,4.22,2.8,0.34041666666666665,4.09,6.16,5.73,6.200000000000003,7.5000000000000036,0.3368472222222223,10,0
2024-11-01,8.51,10.5,0.374625,4.22,4.09,6.16,16.6,17.6,0.3500277777777778,11,1
2024-11-02,20.28,10.7,0.441375,8.51,4.22,4.09,24.0,28.300000000000004,0.38547222222222227,11,1
2024-11-03,48.89,12.700000000000001,0.4809583333333333,20.28,8.51,4.22,33.900000000000006,41.0,0.43231944444444453,11,1
2024-11-04,46.53,16.7,0.4668333333333334,48.89,20.28,8.51,40.1,56.800000000000004,0.4630555555555557,11,1
2024-11-05,45.88,13.1,0.49008333333333337,46.53,48.89,20.28,42.5,69.8,0.4792916666666667,11,1
2024-11-06,49.23,13.3,0.48891666666666667,45.88,46.53,48.89,43.1,79.80000000000001,0.4819444444444445,11,1
2024-11-07,50.76,8.1,0.47012499999999996,49.23,45.88,46.53,34.5,85.10000000000001,0.48304166666666676,11,1
2024-11-08,36.15,0.30000000000000004,0.43287499999999995,50.76,49.23,45.88,21.700000000000003,74.9,0.46397222222222223,11,1
2024-11-09,15.03,8.2,0.45325,36.15,50.76,49.23,16.6,72.4,0.4520833333333334,11,1
2024-11-10,36.07,10.0,0.47733333333333333,15.03,36.15,50.76,18.500000000000004,69.7,0.45448611111111115,11,1
2024-11-11,44.71,24.5,0.493875,36.07,15.03,36.15,42.7,77.5,0.4748194444444445,11,1
2024-11-12,59.67,11.1,0.4847916666666667,44.71,36.07,15.03,45.6,75.5,0.4853333333333334,11,1
2024-11-13,56.81,10.799999999999999,0.4462083333333333,59.67,44.71,36.07,46.400000000000006,73.0,0.47495833333333337,11,1
2024-11-14,50.05,2.4000000000000004,0.3720833333333333,56.81,59.67,44.71,24.300000000000004,67.30000000000001,0.4343611111111112,11,1
2024-11-15,30.48,10.2,0.31695833333333334,50.05,56.81,59.67,23.400000000000002,77.2,0.3784166666666667,11,1
2024-11-16,26.61,8.700000000000001,0.283125,30.48,50.05,56.81,21.300000000000004,77.7,0.3240555555555556,11,1
2024-11-17,38.99,6.699999999999999,0.251875,26.61,30.48,50.05,25.600000000000005,74.4,0.2839861111111112,11,1
2024-11-18,56.28,10.6,0.31120833333333336,38.99,26.61,30.48,26.000000000000004,60.50000000000001,0.28206944444444454,11,1
2024-11-19,45.99,8.9,0.27275,56.28,38.99,26.61,26.200000000000003,58.300000000000004,0.2786111111111112,11,1
2024-11-20,41.46,3.3,0.23725,45.99,56.28,38.99,22.8,50.8,0.2737361111111112,11,1
2024-11-21,48.66,5.300000000000001,0.24387499999999998,41.46,45.99,56.28,17.500000000000004,53.7,0.25129166666666675,11,1
2024-11-22,60.94,6.5,0.350125,48.66,41.46,45.99,15.100000000000005,50.00000000000001,0.2770833333333334,11,1
2024-11-23,56.68,13.0,0.3525833333333333,60.94,48.66,41.46,24.800000000000004,54.300000000000004,0.31552777777777785,11,1
2024-11-24,62.53,11.9,0.3430416666666667,56.68,60.94,48.66,31.400000000000006,59.50000000000001,0.3485833333333334,11,1
2024-11-25,78.98,15.7,0.31504166666666666,62.53,56.68,60.94,40.6,64.60000000000001,0.33688888888888896,11,1
2024-11-26,64.01,2.3000000000000003,0.269125,78.98,62.53,56.68,29.900000000000002,58.0,0.30906944444444456,11,1
2024-11-27,46.42,6.9,0.3217083333333333,64.01,78.98,62.53,24.900000000000002,61.60000000000001,0.3019583333333334,11,1
2024-11-28,44.81,0.7,0.412625,46.42,64.01,78.98,9.900000000000004,57.00000000000001,0.3344861111111112,11,1
2024-11-29,33.43,0.5,0.34358333333333335,44.81,46.42,64.01,8.100000000000003,51.00000000000001,0.3593055555555556,11,1
2024-11-30,26.16,3.9,0.3105833333333334,33.43,44.81,46.42,5.100000000000003,41.9,0.35559722222222234,11,1
2024-12-01,27.77,16.3,0.28375,26.16,33.43,44.81,20.700000000000003,46.300000000000004,0.31263888888888897,12,1
2024-12-02,29.97,7.1,0.337375,27.77,26.16,33.43,27.300000000000004,37.70000000000001,0.3105694444444445,12,1
2024-12-03,57.48,13.3,0.4535416666666667,29.97,27.77,26.16,36.7,48.7,0.3582222222222223,12,1
2024-12-04,65.83,15.9,0.4805,57.48,29.97,27.77,36.300000000000004,57.7,0.4238055555555556,12,1
2024-12-05,77.34,12.6,0.46845833333333337,65.83,57.48,29.97,41.800000000000004,69.60000000000001,0.4675000000000001,12,1
2024-12-06,75.91,11.0,0.47641666666666665,77.34,65.83,57.48,39.50000000000001,80.10000000000001,0.4751250000000001,12,1
2024-12-07,72.45,14.6,0.464875,75.91,77.34,65.83,38.2,90.80000000000001,0.46991666666666676,12,1
2024-12-08,81.22,19.6,0.47383333333333333,72.45,75.91,77.34,45.2,94.1,0.4717083333333334,12,1
2024-12-09,81.04,18.0,0.45479166666666665,81.22,72.45,75.91,52.2,105.0,0.4645000000000001,12,1
2024-12-10,64.31,6.8,0.4379583333333333,81.04,81.22,72.45,44.400000000000006,98.50000000000001,0.4555277777777778,12,1
2024-12-11,58.98,8.7,0.43933333333333335,64.31,81.04,81.22,33.5,91.30000000000001,0.44402777777777785,12,1
2024-12-12,72.96,1.9000000000000001,0.38058333333333333,58.98,64.31,81.04,17.400000000000002,80.60000000000001,0.4192916666666668,12,1
2024-12-13,51.72,3.2,0.310375,72.96,58.98,64.31,13.800000000000004,72.80000000000001,0.37676388888888895,12,1
2024-12-14,45.13,9.5,0.27087500000000003,51.72,72.96,58.98,14.600000000000005,67.70000000000002,0.32061111111111124,12,1
2024-12-15,44.92,21.6,0.3855,45.13,51.72,72.96,34.300000000000004,69.70000000000002,0.3222500000000001,12,1
2024-12-16,59.95,12.6,0.45008333333333334,44.92,45.13,51.72,43.7,64.30000000000001,0.36881944444444453,12,1
2024-12-17,76.27,12.299999999999999,0.39720833333333333,59.95,44.92,45.13,46.5,69.80000000000001,0.41093055555555563,12,1
2024-12-18,49.12,3.7,0.35683333333333334,76.27,59.95,44.92,28.6,64.80000000000001,0.4013750000000001,12,1
2024-12-19,42.65,22.7,0.4612083333333334,49.12,76.27,59.95,38.7,85.60000000000001,0.4050833333333334,12,1
2024-12-20,60.94,12.9,0.4290833333333333,42.65,49.12,76.27,39.300000000000004,95.30000000000001,0.4157083333333334,12,1
2024-12-21,64.92,19.1,0.416625,60.94,42.65,49.12,54.7,104.9,0.43563888888888896,12,1
2024-12-22,54.85,4.3,0.40479166666666666,64.92,60.94,42.65,36.300000000000004,87.60000000000001,0.4168333333333334,12,1
2024-12-23,45.67,12.1,0.39487500000000003,54.85,64.92,60.94,35.50000000000001,87.1,0.4054305555555557,12,1
2024-12-24,61.23,25.400000000000002,0.47241666666666665,45.67,54.85,64.92,41.80000000000001,100.2,0.4240277777777779,12,1
2024-12-25,45.45,14.5,0.4382083333333333,61.23,45.67,54.85,52.000000000000014,111.0,0.43516666666666676,12,1
2024-12-26,56.02,1.6,0.4210416666666667,45.45,61.23,45.67,41.50000000000001,89.90000000000002,0.443888888888889,12,1
2024-12-27,38.99,1.3,0.35354166666666664,56.02,45.45,61.23,17.400000000000006,78.30000000000001,0.404263888888889,12,1
2024-12-28,26.8,0.2,0.2813333333333333,38.99,56.02,45.45,3.100000000000007,59.400000000000006,0.3519722222222223,12,1
2024-12-29,22.99,1.9,0.22195833333333334,26.8,38.99,56.02,3.400000000000007,57.000000000000014,0.2856111111111112,12,1
2024-12-30,23.27,4.2,0.24954166666666666,22.99,26.8,38.99,6.300000000000007,49.10000000000001,0.2509444444444445,12,1
2024-12-31,22.88,1.2,0.24383333333333335,23.27,22.99,26.8,7.300000000000007,24.900000000000006,0.23844444444444454,12,1
2025-01-01,18.45,15.399999999999999,0.27158333333333334,22.88,23.27,22.99,20.800000000000004,25.800000000000004,0.2549861111111112,1,1
2025-01-02,49.35,0.6000000000000001,0.33166666666666667,18.45,22.88,23.27,17.200000000000006,24.800000000000004,0.2823611111111112,1,1
2025-01-03,30.55,2.2,0.27158333333333334,49.35,18.45,22.88,18.200000000000006,25.700000000000006,0.2916111111111112,1,1
2025-01-04,24.76,1.0999999999999999,0.24870833333333334,30.55,49.35,18.45,3.9000000000000075,26.600000000000005,0.2839861111111112,1,1
2025-01-05,25.73,18.5,0.3297083333333333,24.76,30.55,49.35,21.800000000000008,43.2,0.2833333333333334,1,1
2025-01-06,26.67,8.4,0.29333333333333333,25.73,24.76,30.55,28.000000000000007,47.400000000000006,0.29058333333333336,1,1
2025-01-07,28.04,30.5,0.32995833333333335,26.67,25.73,24.76,57.400000000000006,76.70000000000002,0.3176666666666667,1,1
2025-01-08,43.77,12.6,0.41758333333333336,28.04,26.67,25.73,51.50000000000001,73.9,0.3469583333333334,1,1
2025-01-09,42.35,30.2,0.37600000000000006,43.77,28.04,26.67,73.30000000000001,103.5,0.37451388888888903,1,1
2025-01-10,47.08,7.800000000000001,0.3475,42.35,43.77,28.04,50.60000000000001,109.10000000000001,0.3803611111111112,1,1
2025-01-11,33.36,8.1,0.3132916666666667,47.08,42.35,43.77,46.1,116.10000000000001,0.3455972222222223,1,1
2025-01-12,41.56,2.7,0.34145833333333336,33.36,47.08,42.35,18.60000000000001,100.3,0.33408333333333345,1,1
2025-01-13,30.99,7.3999999999999995,0.324375,41.56,33.36,47.08,18.200000000000006,99.30000000000001,0.32637500000000014,1,1
2025-01-14,34.89,16.3,0.33375,30.99,41.56,33.36,26.400000000000006,85.10000000000001,0.3331944444444445,1,1
2025-01-15,51.84,2.5999999999999996,0.304875,34.89,30.99,41.56,26.30000000000001,75.10000000000001,0.3210000000000001,1,1
2025-01-16,45.03,4.2,0.2527916666666667,51.84,34.89,30.99,23.100000000000012,49.10000000000001,0.297138888888889,1,1
2025-01-17,45.56,6.5,0.23316666666666666,45.03,51.84,34.89,13.300000000000008,47.80000000000001,0.2636111111111112,1,1
2025-01-18,67.39,59.9,0.32866666666666666,45.56,45.03,51.84,70.60000000000001,99.60000000000001,0.27154166666666674,1,1
2025-01-19,49.7,20.8,0.35375,67.39,45.56,45.03,87.2,117.7,0.30519444444444455,1,1
2025-01-20,65.83,23.9,0.410125,49.7,67.39,45.56,104.60000000000001,134.20000000000002,0.3641805555555557,1,1
2025-01-21,55.1,17.8,0.4054166666666667,65.83,49.7,67.39,62.50000000000001,135.7,0.389763888888889,1,1
2025-01-22,57.08,3.1,0.38833333333333336,55.1,65.83,49.7,44.800000000000004,136.20000000000002,0.40129166666666677,1,1
2025-01-23,43.26,2.3,0.377375,57.08,55.1,65.83,23.200000000000006,134.3,0.3903750000000001,1,1
2025-01-24,37.11,16.7,0.36916666666666664,43.26,57.08,55.1,22.100000000000005,144.5,0.37829166666666675,1,1
2025-01-25,52.58,11.5,0.359,37.11,43.26,57.08,30.500000000000004,96.1,0.368513888888889,1,1
2025-01-26,68.5,8.8,0.341875,52.58,37.11,43.26,37.00000000000001,84.1,0.3566805555555556,1,1
2025-01-27,65.37,1.9,0.27925,68.5,52.58,37.11,22.200000000000006,62.10000000000001,0.3267083333333334,1,1
2025-01-28,44.5,36.3,0.35604166666666665,65.37,68.5,52.58,47.0,80.6,0.32572222222222225,1,1
2025-01-29,120.62,31.9,0.43695833333333334,44.5,65.37,68.5,70.1,109.4,0.3574166666666667,1,1
2025-01-30,115.95,7.4,0.39691666666666664,120.62,44.5,65.37,75.6,114.5,0.396638888888889,1,1
2025-01-31,66.92,1.9000000000000001,0.3403333333333333,115.95,120.62,44.5,41.199999999999996,99.7,0.3914027777777778,1,1
2025-02-01,41.95,6.8,0.318,66.92,115.95,120.62,16.1,95.0,0.35175000000000006,2,1
2025-02-02,65.37,7.3,0.11287499999999999,41.95,66.92,115.95,16.0,93.5,0.2570694444444445,2,1
2025-02-03,45.88,2.6,0.06583333333333334,65.37,41.95,66.92,16.7,94.2,0.16556944444444452,2,1
2025-02-04,30.26,13.8,0.0625,45.88,65.37,41.95,23.7,71.7,0.08040277777777785,2,1
2025-02-05,34.97,9.1,0.04791666666666666,30.26,45.88,65.37,25.5,48.900000000000006,0.05875000000000008,2,1
2025-02-06,75.91,5.9,0.255,34.97,30.26,45.88,28.8,47.400000000000006,0.12180555555555563,2,1
2025-02-07,63.27,7.2,0.30020833333333335,75.91,34.97,30.26,22.2,52.70000000000001,0.20104166666666676,2,1
2025-02-08,42.85,23.1,0.3785833333333333,63.27,75.91,34.97,36.2,69.0,0.31126388888888895,2,1
2025-02-09,40.59,16.0,0.37445833333333334,42.85,63.27,75.91,46.300000000000004,77.70000000000002,0.3510833333333334,2,1
2025-02-10,39.09,6.8,0.3565416666666667,40.59,42.85,63.27,45.9,81.9,0.3698611111111112,2,1
2025-02-11,30.62,8.2,0.3269166666666667,39.09,40.59,42.85,31.0,76.30000000000001,0.352638888888889,2,1
2025-02-12,22.33,1.9,0.26299999999999996,30.62,39.09,40.59,16.9,69.10000000000001,0.3154861111111112,2,1
2025-02-13,17.03,1.9000000000000001,0.20862499999999998,22.33,30.62,39.09,12.0,65.10000000000001,0.2661805555555556,2,1
2025-02-14,18.1,0.5,0.1775,17.03,22.33,30.62,4.3,58.400000000000006,0.21637500000000007,2,1
2025-02-15,20.68,3.0,0.17841666666666667,18.1,17.03,22.33,5.4,38.300000000000004,0.1881805555555556,2,1
2025-02-16,29.13,4.8,0.23016666666666666,20.68,18.1,17.03,8.299999999999999,27.10000000000001,0.19536111111111118,2,1
2025-02-17,31.58,6.5,0.33437500000000003,29.13,20.68,18.1,14.299999999999999,26.800000000000004,0.24765277777777786,2,1
2025-02-18,31.28,10.3,0.378125,31.58,29.13,20.68,21.6,28.900000000000006,0.31422222222222235,2,1
2025-02-19,55.89,20.1,0.44525,31.28,31.58,29.13,36.900000000000006,47.10000000000001,0.38591666666666674,2,1
2025-02-20,45.34,2.7,0.40845833333333337,55.89,31.28,31.58,33.1,47.90000000000001,0.4106111111111112,2,1
2025-02-21,30.7,0.8,0.3150833333333333,45.34,55.89,31.28,23.6,48.20000000000001,0.3895972222222223,2,1
2025-02-22,32.34,7.8,0.32975000000000004,30.7,45.34,55.89,11.3,53.00000000000001,0.35109722222222234,2,1
2025-02-23,42.05,22.5,0.45483333333333337,32.34,30.7,45.34,31.1,70.7,0.3665555555555557,2,1
2025-02-24,40.5,14.0,0.45725,42.05,32.34,30.7,44.3,78.2,0.4139444444444445,2,1
2025-02-25,58.57,12.9,0.43495833333333334,40.5,42.05,32.34,49.400000000000006,80.80000000000001,0.449013888888889,2,1
2025-02-26,65.68,9.6,0.43179166666666663,58.57,40.5,42.05,36.5,70.30000000000001,0.44133333333333336,2,1
2025-02-27,60.66,9.4,0.41825,65.68,58.57,40.5,31.9,77.0,0.4283333333333334,2,1
2025-02-28,81.99,8.3,0.41287500000000005,60.66,65.68,58.57,27.300000000000004,84.50000000000001,0.4209722222222223,2,1
2025-03-01,67.23,5.1,0.393125,81.99,60.66,65.68,22.8,81.80000000000001,0.4080833333333334,3,1
2025-03-02,67.08,5.7,0.3594583333333334,67.23,81.99,60.66,19.1,65.00000000000001,0.38848611111111125,3,1
2025-03-03,72.45,22.7,0.35554166666666664,67.08,67.23,81.99,33.5,73.70000000000002,0.36937500000000006,3,1
2025-03-04,77.52,22.2,0.4515,72.45,67.08,67.23,50.599999999999994,83.0,0.3888333333333334,3,1
2025-03-05,65.83,10.2,0.4290833333333333,77.52,72.45,67.08,55.1,83.60000000000001,0.4120416666666667,3,1
2025-03-06,59.67,14.899999999999999,0.4146666666666667,65.83,77.52,72.45,47.3,89.1,0.4317500000000001,3,1
2025-03-07,58.43,4.7,0.36929166666666663,59.67,65.83,77.52,29.799999999999997,85.5,0.40434722222222225,3,1
2025-03-08,42.25,11.1,0.31075,58.43,59.67,65.83,30.7,91.50000000000001,0.36490277777777785,3,1
2025-03-09,90.62,15.100000000000001,0.4166666666666667,42.25,58.43,59.67,30.900000000000002,100.9,0.36556944444444456,3,1
2025-03-10,76.62,13.799999999999999,0.4355,90.62,42.25,58.43,40.0,92.0,0.38763888888888903,3,1
2025-03-11,59.12,9.6,0.4244583333333333,76.62,90.62,42.25,38.5,79.4,0.4255416666666667,3,1
2025-03-12,65.07,16.8,0.427125,59.12,76.62,90.62,40.2,86.00000000000001,0.4290277777777778,3,1
2025-03-13,47.98,2.2,0.363375,65.07,59.12,76.62,28.6,73.30000000000001,0.4049861111111112,3,1
2025-03-14,40.3,14.2,0.3875,47.98,65.07,59.12,33.2,82.80000000000001,0.3926666666666667,3,1
2025-03-15,42.25,23.9,0.399125,40.3,47.98,65.07,40.3,95.60000000000001,0.38333333333333347,3,1
2025-03-16,70.45,11.299999999999999,0.43920833333333337,42.25,40.3,47.98,49.39999999999999,91.8,0.4086111111111112,3,1
2025-03-17,56.94,33.9,0.4270416666666667,70.45,42.25,40.3,69.1,111.9,0.4217916666666668,3,1
2025-03-18,132.97,19.5,0.4195416666666667,56.94,70.45,42.25,64.69999999999999,121.80000000000001,0.4285972222222223,3,1
2025-03-19,72.11,24.5,0.4254166666666667,132.97,56.94,70.45,77.9,129.5,0.4240000000000001,3,1
2025-03-20,52.95,0.9,0.36975,72.11,132.97,56.94,44.9,128.20000000000002,0.4049027777777779,3,1
2025-03-21,45.77,3.8,0.2987916666666667,52.95,72.11,132.97,29.2,117.8,0.3646527777777779,3,1
2025-03-22,36.93,6.800000000000001,0.289875,45.77,52.95,72.11,11.5,100.70000000000002,0.3194722222222223,3,1
2025-03-23,34.16,7.9,0.25979166666666664,36.93,45.77,52.95,18.5,97.3,0.2828194444444445,3,1
2025-03-24,38.99,4.1,0.25029166666666663,34.16,36.93,45.77,18.8,67.5,0.26665277777777785,3,1
2025-03-25,35.56,1.6,0.26408333333333334,38.99,34.16,36.93,13.6,49.60000000000001,0.2580555555555556,3,1
2025-03-26,26.42,7.4,0.29325,35.56,38.99,34.16,13.1,32.50000000000001,0.26920833333333344,3,1
2025-03-27,40.78,4.5,0.305125,26.42,35.56,38.99,13.5,36.10000000000001,0.28748611111111116,3,1
2025-03-28,38.9,15.1,0.354125,40.78,26.42,35.56,27.0,47.400000000000006,0.31750000000000006,3,1
2025-03-29,49.47,1.1,0.31983333333333336,38.9,40.78,26.42,20.700000000000003,41.70000000000001,0.32636111111111116,3,1
2025-03-30,33.12,0.30000000000000004,0.2592083333333333,49.47,38.9,40.78,16.5,34.10000000000001,0.31105555555555564,3,1
2025-03-31,22.01,1.4,0.205375,33.12,49.47,38.9,2.8,31.400000000000006,0.2614722222222223,3,1
2025-04-01,19.51,28.7,0.32266666666666666,22.01,33.12,49.47,30.4,58.5,0.26241666666666674,4,0
2025-04-02,55.23,10.8,0.3045,19.51,22.01,33.12,40.9,61.900000000000006,0.277513888888889,4,0
2025-04-03,51.36,8.9,0.3560833333333333,55.23,19.51,22.01,48.4,66.30000000000001,0.32775000000000004,4,0
2025-04-04,44.6,15.700000000000001,0.41208333333333336,51.36,55.23,19.51,35.400000000000006,66.9,0.3575555555555556,4,0
2025-04-05,62.1,4.3,0.4206666666666667,44.6,51.36,55.23,28.900000000000002,70.10000000000001,0.3962777777777779,4,0
2025-04-06,60.52,9.4,0.43533333333333335,62.1,44.6,51.36,29.4,79.20000000000002,0.42269444444444454,4,0
2025-04-07,60.38,2.4,0.388875,60.52,62.1,44.6,16.099999999999998,80.2,0.4149583333333334,4,0
2025-04-08,48.32,1.6,0.3313333333333333,60.38,60.52,62.1,13.399999999999999,53.10000000000001,0.3851805555555556,4,0
2025-04-09,36.15,10.9,0.3223333333333333,48.32,60.38,60.52,14.9,53.20000000000001,0.3475138888888889,4,0
2025-04-10,51.12,5.4,0.321,36.15,48.32,60.38,17.9,49.70000000000001,0.32488888888888895,4,0
2025-04-11,49.23,11.0,0.29283333333333333,51.12,36.15,48.32,27.299999999999997,45.00000000000001,0.3120555555555556,4,0
2025-04-12,61.52,11.6,0.35262499999999997,49.23,51.12,36.15,28.0,52.30000000000001,0.3221527777777778,4,0
2025-04-13,48.89,17.2,0.4294166666666666,61.52,49.23,51.12,39.8,60.1,0.3582916666666667,4,0
2025-04-14,65.99,3.9999999999999996,0.43054166666666666,48.89,61.52,49.23,32.8,61.7,0.40419444444444447,4,0
2025-04-15,57.61,17.7,0.4402083333333333,65.99,48.89,61.52,38.9,77.80000000000001,0.4333888888888889,4,0
2025-04-16,73.47,4.300000000000001,0.41087500000000005,57.61,65.99,48.89,26.0,71.2,0.4272083333333334,4,0
2025-04-17,55.1,5.9,0.37283333333333335,73.47,57.61,65.99,27.9,71.70000000000002,0.40797222222222224,4,0
2025-04-18,36.07,12.100000000000001,0.3550416666666667,55.1,73.47,57.61,22.300000000000004,72.80000000000001,0.37958333333333344,4,0
2025-04-19,44.39,3.7,0.38237499999999996,36.07,55.1,73.47,21.700000000000003,64.9,0.3700833333333334,4,0
2025-04-20,43.36,3.8000000000000003,0.4034583333333333,44.39,36.07,55.1,19.6,51.50000000000001,0.3802916666666667,4,0
2025-04-21,33.67,2.6,0.39566666666666667,43.36,44.39,36.07,10.100000000000001,50.10000000000001,0.3938333333333333,4,0
2025-04-22,34.56,0.4,0.3349166666666667,33.67,43.36,44.39,6.800000000000001,32.800000000000004,0.3780138888888889,4,0
2025-04-23,26.86,2.9,0.3082916666666667,34.56,33.67,43.36,5.9,31.40000000000001,0.3462916666666667,4,0
2025-04-24,33.99,10.6,0.37904166666666667,26.86,34.56,33.67,13.9,36.10000000000001,0.34075000000000005,4,0
2025-04-25,39.27,7.1000000000000005,0.3219166666666667,33.99,26.86,34.56,20.6,31.100000000000005,0.33641666666666675,4,0
2025-04-26,43.87,8.3,0.32129166666666664,39.27,33.99,26.86,26.000000000000004,35.7,0.34075000000000005,4,0
2025-04-27,48.77,6.4,0.2744166666666667,43.87,39.27,33.99,21.800000000000004,38.300000000000004,0.30587500000000006,4,0
2025-04-28,33.51,3.3000000000000003,0.21991666666666668,48.77,43.87,39.27,18.0,39.00000000000001,0.27187500000000003,4,0
2025-04-29,26.8,1.1,0.19441666666666668,33.51,48.77,43.87,10.8,39.7,0.2295833333333334,4,0
2025-04-30,22.93,3.0,0.1748333333333333,26.8,33.51,48.77,7.4,39.80000000000001,0.19638888888888895,4,0
2025-05-01,18.54,2.0,0.17595833333333333,22.93,26.8,33.51,6.1,31.200000000000006,0.18173611111111118,5,0
2025-05-02,17.24,5.1,0.17845833333333336,18.54,22.93,26.8,10.1,29.20000000000001,0.17641666666666675,5,0
2025-05-03,16.3,5.6000000000000005,0.1905,17.24,18.54,22.93,12.7,26.500000000000007,0.18163888888888893,5,0
2025-05-04,16.91,13.5,0.29020833333333335,16.3,17.24,18.54,24.2,33.60000000000001,0.2197222222222223,5,0
2025-05-05,19.46,3.0,0.2745,16.91,16.3,17.24,22.1,33.30000000000001,0.25173611111111116,5,0
2025-05-06,23.1,1.1,0.30162500000000003,19.46,16.91,16.3,17.6,33.300000000000004,0.28877777777777786,5,0
2025-05-07,18.14,3.3,0.263875,23.1,19.46,16.91,7.4,33.60000000000001,0.2800000000000001,5,0
2025-05-08,29.83,7.0,0.27408333333333335,18.14,23.1,19.46,11.4,38.60000000000001,0.2798611111111112,5,0
2025-05-09,28.31,2.6,0.30575,29.83,18.14,23.1,12.9,36.10000000000001,0.2812361111111112,5,0
2025-05-10,19.89,18.2,0.303375,28.31,29.83,18.14,27.799999999999997,48.7,0.29440277777777785,5,0
2025-05-11,33.59,3.7,0.326125,19.89,28.31,29.83,24.5,38.900000000000006,0.3117500000000001,5,0
2025-05-12,25.18,2.8,0.28925,33.59,19.89,28.31,24.7,38.7,0.3062500000000001,5,0
2025-05-13,26.86,13.0,0.284125,25.18,33.59,19.89,19.5,50.60000000000001,0.2998333333333334,5,0
2025-05-14,21.44,10.0,0.3468333333333333,26.86,25.18,33.59,25.8,57.30000000000001,0.30673611111111115,5,0
2025-05-15,27.31,0.2,0.246625,21.44,26.86,25.18,23.2,50.50000000000001,0.2925277777777779,5,0
2025-05-16,22.33,29.0,0.31745833333333334,27.31,21.44,26.86,39.2,76.9,0.30363888888888896,5,0
2025-05-17,34.48,16.8,0.2765,22.33,27.31,21.44,46.0,75.5,0.28019444444444447,5,0
2025-05-18,42.35,0.1,0.201875,34.48,22.33,27.31,45.9,71.9,0.26527777777777783,5,0
2025-05-19,30.77,0.0,0.18475,42.35,34.48,22.33,16.900000000000002,69.10000000000001,0.22104166666666672,5,0
2025-05-20,21.08,0.0,0.17033333333333334,30.77,42.35,34.48,0.1,56.1,0.18565277777777786,5,0
2025-05-21,17.79,32.0,0.26929166666666665,21.08,30.77,42.35,32.0,78.10000000000001,0.20812500000000003,5,0
2025-05-22,103.95,7.0,0.2764583333333333,17.79,21.08,30.77,39.0,84.9,0.23869444444444451,5,0
2025-05-23,92.97,30.2,0.43345833333333333,103.95,17.79,21.08,69.2,86.10000000000001,0.3264027777777778,5,0
2025-05-24,80.28,17.0,0.44283333333333336,92.97,103.95,17.79,54.2,86.30000000000001,0.38425000000000004,5,0
2025-05-25,64.16,15.1,0.41825,80.28,92.97,103.95,62.3,101.3,0.431513888888889,5,0
2025-05-26,49.93,17.7,0.4419583333333333,64.16,80.28,92.97,49.8,119.0,0.4343472222222223,5,0
2025-05-27,52.83,0.0,0.40116666666666667,49.93,64.16,80.28,32.8,119.0,0.4204583333333334,5,0
2025-05-28,32.27,0.6000000000000001,0.33629166666666666,52.83,49.93,64.16,18.300000000000004,87.6,0.3931388888888889,5,0
2025-05-29,21.13,13.7,0.337625,32.27,52.83,49.93,14.299999999999999,94.3,0.3583611111111112,5,0
2025-05-30,28.65,0.1,0.3655,21.13,32.27,52.83,14.399999999999999,64.2,0.3464722222222223,5,0
2025-05-31,22.44,7.5,0.32304166666666667,28.65,21.13,32.27,21.299999999999997,54.7,0.3420555555555556,5,0
2025-06-01,20.38,0.2,0.31575000000000003,22.44,28.65,21.13,7.8,39.800000000000004,0.334763888888889,6,0
2025-06-02,16.99,0.0,0.28525,20.38,22.44,28.65,7.7,22.100000000000005,0.308013888888889,6,0
2025-06-03,12.9,1.8,0.24675,16.99,20.38,22.44,2.0,23.900000000000006,0.2825833333333334,6,0
2025-06-04,17.92,4.0,0.2932916666666667,12.9,16.99,20.38,5.8,27.300000000000004,0.27509722222222227,6,0
2025-06-05,16.5,1.7,0.2730416666666667,17.92,12.9,16.99,7.5,15.300000000000006,0.27102777777777787,6,0
2025-06-06,14.49,10.8,0.33229166666666665,16.5,17.92,12.9,16.5,26.000000000000007,0.29954166666666676,6,0
2025-06-07,20.73,1.3,0.3885416666666666,14.49,16.5,17.92,13.8,19.800000000000008,0.3312916666666667,6,0
2025-06-08,21.03,0.0,0.37125,20.73,14.49,16.5,12.100000000000001,19.60000000000001,0.36402777777777784,6,0
2025-06-09,19.28,1.0,0.31124999999999997,21.03,20.73,14.49,2.3,20.60000000000001,0.35701388888888896,6,0
2025-06-10,16.18,4.2,0.279375,19.28,21.03,20.73,5.2,23.000000000000007,0.3206250000000001,6,0
2025-06-11,29.97,2.6,0.26633333333333337,16.18,19.28,21.03,7.800000000000001,21.60000000000001,0.2856527777777778,6,0
2025-06-12,26.61,1.0,0.23558333333333334,29.97,16.18,19.28,7.800000000000001,20.90000000000001,0.26043055555555567,6,0
2025-06-13,17.24,0.0,0.19466666666666665,26.61,29.97,16.18,3.6,10.100000000000007,0.23219444444444456,6,0
2025-06-14,14.17,0.7,0.16720833333333332,17.24,26.61,29.97,1.7,9.500000000000007,0.19915277777777785,6,0
2025-06-15,12.12,1.4,0.1735833333333333,14.17,17.24,26.61,2.0999999999999996,10.900000000000006,0.17848611111111115,6,0
2025-06-16,16.86,2.5,0.208125,12.12,14.17,17.24,4.6,12.400000000000006,0.18297222222222229,6,0
2025-06-17,16.14,22.0,0.26429166666666665,16.86,12.12,14.17,25.9,30.200000000000006,0.21533333333333338,6,0
2025-06-18,46.42,12.6,0.4646666666666666,16.14,16.86,12.12,37.1,40.2,0.31236111111111114,6,0
2025-06-19,41.46,1.9,0.4495833333333334,46.42,16.14,16.86,36.5,41.1,0.3928472222222223,6,0
2025-06-20,22.77,27.1,0.45245833333333335,41.46,46.42,16.14,41.6,68.2,0.4555694444444445,6,0
2025-06-21,98.77,27.8,0.47583333333333333,22.77,41.46,46.42,56.8,95.30000000000001,0.4592916666666668,6,0
2025-06-22,77.16,18.2,0.4403333333333333,98.77,22.77,41.46,73.1,112.10000000000001,0.4562083333333334,6,0
2025-06-23,43.36,25.5,0.46625,77.16,98.77,22.77,71.5,135.10000000000002,0.46080555555555563,6,0
2025-06-24,50.88,4.7,0.44175000000000003,43.36,77.16,98.77,48.400000000000006,117.80000000000001,0.44944444444444454,6,0
2025-06-25,39.09,0.2,0.41475,50.88,43.36,77.16,30.4,105.4,0.4409166666666668,6,0
2025-06-26,28.99,0.0,0.34604166666666664,39.09,50.88,43.36,4.9,103.50000000000001,0.4008472222222223,6,0
2025-06-27,24.94,1.1,0.29775,28.99,39.09,50.88,1.3,77.5,0.35284722222222226,6,0
2025-06-28,21.23,2.5,0.2630416666666667,24.94,28.99,39.09,3.6,52.2,0.30227777777777787,6,0
2025-06-29,31.36,5.0,0.278,21.23,24.94,28.99,8.6,39.0,0.27959722222222233,6,0
2025-06-30,24.94,9.3,0.3300416666666667,31.36,21.23,24.94,16.8,22.800000000000008,0.29036111111111124,6,0
2025-07-01,29.97,23.3,0.43983333333333335,24.94,31.36,21.23,37.6,41.400000000000006,0.3492916666666668,7,0
2025-07-02,31.28,12.3,0.4065833333333333,29.97,24.94,31.36,44.900000000000006,53.50000000000001,0.39215277777777785,7,0
2025-07-03,24.12,21.1,0.40395833333333336,31.28,29.97,24.94,56.7,74.60000000000001,0.4167916666666667,7,0
2025-07-04,30.12,0.7000000000000001,0.34149999999999997,24.12,31.28,29.97,34.1,74.20000000000002,0.38401388888888893,7,0
2025-07-05,26.73,12.5,0.3157083333333333,30.12,24.12,31.28,34.3,84.20000000000002,0.35372222222222227,7,0
2025-07-06,27.64,9.0,0.32579166666666665,26.73,30.12,24.12,22.2,88.20000000000002,0.3276666666666667,7,0
2025-07-07,26.67,25.8,0.416375,27.64,26.73,30.12,47.3,104.7,0.352625,7,0
2025-07-08,32.04,4.1,0.41275,26.67,27.64,26.73,38.9,85.5,0.38497222222222227,7,0
2025-07-09,25.67,5.7,0.3287083333333333,32.04,26.67,27.64,35.6,78.9,0.3859444444444445,7,0
2025-07-10,26.42,2.4,0.26916666666666667,25.67,32.04,26.67,12.2,60.20000000000001,0.3368750000000001,7,0
2025-07-11,19.89,0.30000000000000004,0.21333333333333335,26.42,25.67,32.04,8.4,59.800000000000004,0.2704027777777778,7,0
2025-07-12,14.52,0.0,0.1758333333333333,19.89,26.42,25.67,2.7,47.30000000000001,0.21944444444444453,7,0
2025-07-13,12.93,3.8000000000000003,0.17508333333333334,14.52,19.89,26.42,4.1,42.10000000000001,0.1880833333333334,7,0
2025-07-14,13.42,0.6,0.2324166666666667,12.93,14.52,19.89,4.4,16.900000000000006,0.1944444444444445,7,0
2025-07-15,15.52,7.7,0.2965,13.42,12.93,14.52,12.100000000000001,20.500000000000007,0.23466666666666672,7,0
2025-07-16,12.49,9.7,0.302,15.52,13.42,12.93,18.0,24.500000000000007,0.2769722222222223,7,0
2025-07-17,14.38,2.3,0.280875,12.49,15.52,13.42,19.7,24.400000000000006,0.2931250000000001,7,0
2025-07-18,13.66,3.0,0.25629166666666664,14.38,12.49,15.52,15.0,27.10000000000001,0.27972222222222226,7,0
2025-07-19,10.99,0.1,0.209125,13.66,14.38,12.49,5.3999999999999995,27.200000000000006,0.24876388888888892,7,0
2025-07-20,9.5,2.2,0.17216666666666666,10.99,13.66,14.38,5.300000000000001,25.60000000000001,0.21252777777777784,7,0
2025-07-21,9.52,0.6000000000000001,0.17570833333333336,9.5,10.99,13.66,2.9000000000000004,25.600000000000005,0.18566666666666676,7,0
2025-07-22,9.21,0.0,0.165125,9.52,9.5,10.99,2.8000000000000003,17.900000000000006,0.17100000000000007,7,0
2025-07-23,7.79,0.2,0.16345833333333334,9.21,9.52,9.5,0.8,8.400000000000007,0.16809722222222231,7,0
2025-07-24,6.94,0.1,0.17045833333333335,7.79,9.21,9.52,0.30000000000000004,6.200000000000007,0.16634722222222229,7,0
2025-07-25,6.55,1.9,0.17329166666666665,6.94,7.79,9.21,2.2,5.100000000000008,0.16906944444444452,7,0
2025-07-26,7.09,0.2,0.17337499999999997,6.55,6.94,7.79,2.1999999999999997,5.200000000000008,0.17237500000000006,7,0
2025-07-27,6.31,3.6,0.18333333333333335,7.09,6.55,6.94,5.7,6.600000000000007,0.17666666666666675,7,0
2025-07-28,7.99,8.6,0.23016666666666666,6.31,7.09,6.55,12.399999999999999,14.600000000000007,0.19562500000000008,7,0
2025-07-29,15.71,0.8999999999999999,0.32979166666666665,7.99,6.31,7.09,13.100000000000001,15.500000000000007,0.24776388888888898,7,0
2025-07-30,11.16,3.4000000000000004,0.287625,15.71,7.99,6.31,12.9,18.700000000000006,0.2825277777777779,7,0
2025-07-31,10.53,0.30000000000000004,0.24954166666666666,11.16,15.71,7.99,4.600000000000002,18.90000000000001,0.28898611111111117,7,0
2025-08-01,8.35,0.0,0.2005,10.53,11.16,15.71,3.700000000000002,17.000000000000007,0.24588888888888896,8,0
2025-08-02,6.48,0.7,0.17204166666666665,8.35,10.53,11.16,1.0000000000000018,17.500000000000007,0.2073611111111112,8,0
2025-08-03,5.95,7.0,0.20758333333333334,6.48,8.35,10.53,7.700000000000002,20.900000000000006,0.19337500000000007,8,0
2025-08-04,8.35,8.0,0.351,5.95,6.48,8.35,15.700000000000003,20.300000000000008,0.24354166666666668,8,0
2025-08-05,15.0,4.7,0.3324166666666667,8.35,5.95,6.48,19.700000000000003,24.10000000000001,0.2970000000000001,8,0
2025-08-06,12.06,0.0,0.312875,15.0,8.35,5.95,12.700000000000003,20.700000000000006,0.33209722222222227,8,0
2025-08-07,12.55,7.800000000000001,0.2700416666666667,12.06,15.0,8.35,12.500000000000004,28.200000000000006,0.30511111111111117,8,0
2025-08-08,16.74,5.7,0.28079166666666666,12.55,12.06,15.0,13.500000000000004,33.900000000000006,0.28790277777777784,8,0
2025-08-09,16.7,10.1,0.23945833333333333,16.74,12.55,12.06,23.600000000000005,43.30000000000001,0.2634305555555556,8,0
2025-08-10,16.42,2.6,0.19974999999999998,16.7,16.74,12.55,18.400000000000006,38.90000000000001,0.24000000000000002,8,0
2025-08-11,12.61,12.4,0.22283333333333333,16.42,16.7,16.74,25.100000000000005,43.30000000000001,0.22068055555555563,8,0
2025-08-12,30.84,16.5,0.34195833333333336,12.61,16.42,16.7,31.500000000000004,55.10000000000001,0.2548472222222223,8,0
2025-08-13,43.67,8.700000000000001,0.42162499999999997,30.84,12.61,16.42,37.6,63.800000000000004,0.32880555555555563,8,0
2025-08-14,57.08,7.5,0.43775000000000003,43.67,30.84,12.61,32.7,63.50000000000001,0.40044444444444455,8,0
2025-08-15,34.08,0.0,0.373375,57.08,43.67,30.84,16.200000000000003,57.800000000000004,0.41091666666666676,8,0
2025-08-16,19.75,0.2,0.303625,34.08,57.08,43.67,7.700000000000004,47.900000000000006,0.37158333333333343,8,0
2025-08-17,15.67,0.0,0.23887500000000003,19.75,34.08,57.08,0.20000000000000356,45.30000000000001,0.30529166666666674,8,0
2025-08-18,12.96,15.5,0.21175,15.67,19.75,34.08,15.700000000000003,48.400000000000006,0.25141666666666673,8,0
2025-08-19,46.53,16.9,0.33437500000000003,12.96,15.67,19.75,32.400000000000006,48.80000000000001,0.2616666666666667,8,0
2025-08-20,41.07,2.1999999999999997,0.29512499999999997,46.53,12.96,15.67,34.6,42.300000000000004,0.2804166666666667,8,0
2025-08-21,28.11,3.1,0.2704166666666667,41.07,46.53,12.96,22.200000000000003,37.900000000000006,0.29997222222222225,8,0
2025-08-22,21.8,2.9,0.22512500000000002,28.11,41.07,46.53,8.200000000000003,40.800000000000004,0.2635555555555556,8,0
2025-08-23,16.86,3.1,0.19941666666666666,21.8,28.11,41.07,9.100000000000005,43.70000000000001,0.23165277777777785,8,0
2025-08-24,14.07,1.5,0.18504166666666666,16.86,21.8,28.11,7.5000000000000036,45.20000000000001,0.20319444444444448,8,0
2025-08-25,13.03,2.4,0.18325,14.07,16.86,21.8,7.0000000000000036,32.10000000000001,0.18923611111111116,8,0
2025-08-26,22.39,0.0,0.17316666666666666,13.03,14.07,16.86,3.9000000000000035,15.20000000000001,0.18048611111111115,8,0
2025-08-27,14.49,0.30000000000000004,0.15741666666666668,22.39,13.03,14.07,2.7000000000000037,13.300000000000011,0.17127777777777783,8,0
2025-08-28,12.3,9.5,0.174875,14.49,22.39,13.03,9.800000000000004,19.70000000000001,0.1684861111111112,8,0
2025-08-29,13.13,9.5,0.2557083333333333,12.3,14.49,22.39,19.300000000000004,26.30000000000001,0.19600000000000004,8,0
2025-08-30,18.91,7.1,0.27699999999999997,13.13,12.3,14.49,26.1,30.30000000000001,0.23586111111111116,8,0
2025-08-31,29.83,6.4,0.31575,18.91,13.13,12.3,23.000000000000004,35.20000000000001,0.28281944444444446,8,0
2025-09-01,37.11,1.7999999999999998,0.27466666666666667,29.83,18.91,13.13,15.300000000000004,34.60000000000001,0.2891388888888889,9,0
2025-09-02,22.71,0.0,0.208875,37.11,29.83,18.91,8.200000000000003,34.60000000000001,0.2664305555555556,9,0
2025-09-03,14.42,0.0,0.171875,22.71,37.11,29.83,1.8000000000000034,34.30000000000001,0.2184722222222223,9,0
2025-09-04,11.65,1.4000000000000001,0.16545833333333335,14.42,22.71,37.11,1.4000000000000037,26.20000000000001,0.1820694444444445,9,0
2025-09-05,10.64,1.6,0.17095833333333332,11.65,14.42,22.71,3.0000000000000036,18.30000000000001,0.1694305555555556,9,0
2025-09-06,20.53,1.4,0.17812499999999998,10.64,11.65,14.42,4.400000000000004,12.60000000000001,0.17151388888888894,9,0
2025-09-07,15.71,0.30000000000000004,0.17529166666666665,20.53,10.64,11.65,3.3000000000000034,6.500000000000011,0.1747916666666667,9,0
2025-09-08,10.99,3.3,0.18220833333333333,15.71,20.53,10.64,5.0000000000000036,8.00000000000001,0.1785416666666667,9,0
2025-09-09,10.64,11.5,0.30375,10.99,15.71,20.53,15.100000000000003,19.50000000000001,0.2204166666666667,9,0
2025-09-10,29.83,18.2,0.44929166666666664,10.64,10.99,15.71,33.0,37.70000000000001,0.31175,9,0
2025-09-11,48.66,9.6,0.4603333333333333,29.83,10.64,10.99,39.300000000000004,45.90000000000001,0.40445833333333336,9,0
2025-09-12,28.31,6.6000000000000005,0.4385833333333333,48.66,29.83,10.64,34.400000000000006,50.90000000000001,0.4494027777777778,9,0
2025-09-13,22.82,0.0,0.369875,28.31,48.66,29.83,16.200000000000003,49.500000000000014,0.4229305555555556,9,0
2025-09-14,19.37,1.0,0.2976666666666667,22.82,28.31,48.66,7.600000000000004,50.20000000000001,0.3687083333333334,9,0
2025-09-15,18.82,0.0,0.23020833333333335,19.37,22.82,28.31,1.0000000000000036,46.90000000000001,0.29925000000000007,9,0
2025-09-16,14.42,3.3000000000000003,0.208375,18.82,19.37,22.82,4.300000000000004,38.70000000000001,0.24541666666666673,9,0
2025-09-17,17.32,9.200000000000001,0.27729166666666666,14.42,18.82,19.37,12.500000000000005,29.70000000000001,0.2386250000000001,9,0
2025-09-18,80.85,7.7,0.41404166666666664,17.32,14.42,18.82,20.200000000000006,27.80000000000001,0.29990277777777785,9,0
2025-09-19,45.45,6.6,0.3920416666666667,80.85,17.32,14.42,23.500000000000004,27.80000000000001,0.3611250000000001,9,0
2025-09-20,24.35,8.5,0.41687500000000005,45.45,80.85,17.32,22.800000000000004,36.30000000000001,0.40765277777777786,9,0
2025-09-21,32.5,3.1999999999999997,0.412375,24.35,45.45,80.85,18.300000000000004,38.500000000000014,0.4070972222222223,9,0
2025-09-22,20.53,7.7,0.41583333333333333,32.5,24.35,45.45,19.400000000000002,46.20000000000001,0.41502777777777783,9,0
2025-09-23,20.38,2.1,0.36308333333333337,20.53,32.5,24.35,13.000000000000002,45.00000000000001,0.39709722222222227,9,0
2025-09-24,15.79,0.1,0.2578333333333333,20.38,20.53,32.5,9.900000000000002,35.90000000000001,0.3455833333333334,9,0
2025-09-25,13.32,3.0999999999999996,0.1945,15.79,20.38,20.53,5.300000000000002,31.300000000000008,0.27180555555555563,9,0
2025-09-26,14.6,4.1,0.194875,13.32,15.79,20.38,7.300000000000001,28.80000000000001,0.21573611111111116,9,0
2025-09-27,13.19,9.6,0.206,14.6,13.32,15.79,16.8,29.90000000000001,0.1984583333333334,9,0
2025-09-28,20.18,1.3,0.16933333333333334,13.19,14.6,13.32,15.000000000000002,28.00000000000001,0.19006944444444449,9,0
2025-09-29,21.03,25.9,0.264875,20.18,13.19,14.6,36.8,46.20000000000001,0.21340277777777783,9,0
2025-09-30,47.19,9.0,0.44708333333333333,21.03,20.18,13.19,36.2,53.10000000000001,0.29376388888888894,9,0
2025-10-01,40.78,11.4,0.457125,47.19,21.03,20.18,46.300000000000004,64.4,0.3896944444444445,10,0
2025-10-02,54.59,29.4,0.4764583333333334,40.78,47.19,21.03,49.800000000000004,90.7,0.4602222222222223,10,0
2025-10-03,43.57,5.8,0.41524999999999995,54.59,40.78,47.19,46.6,92.4,0.4496111111111112,10,0
2025-10-04,21.8,0.1,0.33675000000000005,43.57,54.59,40.78,35.300000000000004,82.90000000000002,0.4094861111111112,10,0
2025-10-05,18.77,3.0,0.27879166666666666,21.8,43.57,54.59,8.900000000000007,84.60000000000001,0.3435972222222223,10,0
2025-10-06,20.98,0.0,0.22424999999999998,18.77,21.8,43.57,3.100000000000007,58.70000000000001,0.2799305555555556,10,0
2025-10-07,23.55,13.5,0.26499999999999996,20.98,18.77,21.8,16.500000000000007,63.2,0.25601388888888893,10,0
2025-10-08,29.55,1.2,0.22954166666666667,23.55,20.98,18.77,14.700000000000006,53.00000000000001,0.23959722222222227,10,0
2025-10-09,19.42,22.9,0.22033333333333335,29.55,23.55,20.98,37.60000000000001,46.50000000000001,0.2382916666666667,10,0
2025-10-10,15.6,2.0,0.24391666666666667,19.42,29.55,23.55,26.100000000000005,42.70000000000001,0.23126388888888894,10,0
2025-10-11,13.72,0.5,0.16204166666666667,15.6,19.42,29.55,25.400000000000006,43.10000000000001,0.20876388888888897,10,0
2025-10-12,12.93,0.30000000000000004,0.16195833333333334,13.72,15.6,19.42,2.800000000000007,40.400000000000006,0.18930555555555562,10,0
2025-10-13,12.68,1.5,0.17241666666666666,12.93,13.72,15.6,2.300000000000007,41.900000000000006,0.16547222222222227,10,0
2025-10-14,12.61,0.2,0.17258333333333334,12.68,12.93,13.72,2.000000000000007,28.60000000000001,0.16898611111111117,10,0
2025-10-15,13.79,5.8,0.17995833333333333,12.61,12.68,12.93,7.500000000000007,33.2,0.17498611111111118,10,0
2025-10-16,18.01,0.2,0.19491666666666665,13.79,12.61,12.68,6.200000000000007,10.500000000000007,0.18248611111111115,10,0
2025-10-17,18.77,22.6,0.2645416666666667,18.01,13.79,12.61,28.60000000000001,31.10000000000001,0.21313888888888896,10,0
2025-10-18,36.58,2.5,0.37212500000000004,18.77,18.01,13.79,25.300000000000008,33.10000000000001,0.2771944444444445,10,0
2025-10-19,26.61,0.6000000000000001,0.3429166666666667,36.58,18.77,18.01,25.70000000000001,33.40000000000001,0.3265277777777779,10,0
2025-10-20,22.99,1.4,0.279625,26.61,36.58,18.77,4.500000000000007,33.30000000000001,0.33155555555555566,10,0
2025-10-21,20.88,1.2999999999999998,0.22183333333333333,22.99,26.61,36.58,3.300000000000007,34.400000000000006,0.2814583333333334,10,0
2025-10-22,50.05,12.0,0.21762499999999999,20.88,22.99,26.61,14.700000000000006,40.60000000000001,0.23969444444444452,10,0
2025-10-23,47.42,18.2,0.32158333333333333,50.05,20.88,22.99,31.500000000000007,58.60000000000001,0.25368055555555563,10,0
2025-10-24,59.39,22.1,0.4020416666666667,47.42,50.05,20.88,52.300000000000004,58.10000000000001,0.31375000000000003,10,0
2025-10-25,68.82,0.2,0.41570833333333335,59.39,47.42,50.05,40.50000000000001,55.800000000000004,0.3797777777777778,10,0
2025-10-26,31.81,23.1,0.38033333333333336,68.82,59.39,47.42,45.400000000000006,78.30000000000001,0.3993611111111112,10,0
2025-10-27,39.93,4.6,0.33945833333333336,31.81,68.82,59.39,27.900000000000006,81.5,0.3785000000000001,10,0
2025-10-28,45.03,13.799999999999999,0.38916666666666666,39.93,31.81,68.82,41.50000000000001,94.0,0.3696527777777779,10,0
2025-10-29,58.43,8.2,0.43933333333333335,45.03,39.93,31.81,26.600000000000005,90.2,0.38931944444444455,10,0
2025-10-30,50.64,3.4,0.42,58.43,45.03,39.93,25.400000000000006,75.4,0.41616666666666674,10,0
2025-10-31,54.46,5.1,0.38625,50.64,58.43,45.03,16.700000000000006,58.400000000000006,0.4151944444444445,10,0
2025-11-01,48.43,10.4,0.36741666666666667,54.46,50.64,58.43,18.900000000000006,68.60000000000001,0.3912222222222223,11,1
2025-11-02,48.55,9.499999999999998,0.43179166666666663,48.43,54.46,50.64,25.000000000000007,55.0,0.39515277777777785,11,1
2025-11-03,57.48,9.4,0.4307083333333333,48.55,48.43,54.46,29.300000000000004,59.800000000000004,0.40997222222222224,11,1
2025-11-04,54.34,0.6,0.396625,57.48,48.55,48.43,19.500000000000007,46.60000000000001,0.41970833333333335,11,1
2025-11-05,45.24,1.1,0.3410416666666667,54.34,57.48,48.55,11.100000000000009,39.5,0.3894583333333334,11,1
2025-11-06,36.33,5.3,0.2783333333333333,45.24,54.34,57.48,7.000000000000007,41.400000000000006,0.3386666666666667,11,1
2025-11-07,42.85,1.4000000000000001,0.233375,36.33,45.24,54.34,7.800000000000008,37.70000000000001,0.2842500000000001,11,1
2025-11-08,37.55,4.4,0.20270833333333335,42.85,36.33,45.24,11.100000000000009,31.700000000000003,0.23813888888888898,11,1
2025-11-09,48.09,0.4,0.18275,37.55,42.85,36.33,6.200000000000008,22.60000000000001,0.20627777777777787,11,1
2025-11-10,39.27,14.899999999999999,0.20745833333333333,48.09,37.55,42.85,19.700000000000006,28.10000000000001,0.19763888888888895,11,1
2025-11-11,41.85,12.8,0.22495833333333334,39.27,48.09,37.55,28.10000000000001,40.300000000000004,0.20505555555555563,11,1
2025-11-12,62.53,8.2,0.39775,41.85,39.27,48.09,35.900000000000006,47.400000000000006,0.2767222222222223,11,1
2025-11-13,44.08,3.3,0.38766666666666666,62.53,41.85,39.27,24.300000000000008,45.400000000000006,0.33679166666666677,11,1
2025-11-14,55.1,9.1,0.41254166666666664,44.08,62.53,41.85,20.60000000000001,53.10000000000001,0.3993194444444445,11,1
2025-11-15,57.34,14.0,0.44095833333333334,55.1,44.08,62.53,26.400000000000006,62.7,0.41372222222222227,11,1
2025-11-16,55.89,1.8,0.4057916666666667,57.34,55.1,44.08,24.900000000000006,64.10000000000001,0.419763888888889,11,1
2025-11-17,49.47,1.1,0.32216666666666666,55.89,57.34,55.1,16.90000000000001,50.300000000000004,0.38963888888888903,11,1
2025-11-18,38.17,16.4,0.4037916666666666,49.47,55.89,57.34,19.300000000000008,53.900000000000006,0.3772500000000001,11,1
2025-11-19,65.53,10.299999999999999,0.45516666666666666,38.17,49.47,55.89,27.800000000000004,56.0,0.3937083333333334,11,1
2025-11-20,54.08,22.2,0.44445833333333334,65.53,38.17,49.47,48.900000000000006,74.9,0.4344722222222222,11,1
2025-11-21,75.03,1.7,0.41854166666666665,54.08,65.53,38.17,34.20000000000001,67.50000000000001,0.439388888888889,11,1
2025-11-22,48.77,1.5,0.3782083333333333,75.03,54.08,65.53,25.400000000000013,55.00000000000001,0.41373611111111114,11,1
2025-11-23,45.77,6.5,0.394125,48.77,75.03,54.08,9.70000000000001,59.70000000000001,0.39695833333333336,11,1
2025-11-24,38.17,0.0,0.31783333333333336,45.77,48.77,75.03,8.00000000000001,58.60000000000001,0.363388888888889,11,1
2025-11-25,24.94,0.0,0.25995833333333335,38.17,45.77,48.77,6.500000000000011,42.20000000000001,0.32397222222222233,11,1
2025-11-26,20.13,1.7,0.2050833333333333,24.94,38.17,45.77,1.7000000000000106,33.60000000000001,0.2609583333333334,11,1
2025-11-27,18.45,2.2,0.1755833333333333,20.13,24.94,38.17,3.900000000000011,13.600000000000009,0.21354166666666674,11,1
2025-11-28,16.62,0.7999999999999999,0.1699166666666667,18.45,20.13,24.94,4.700000000000011,12.700000000000008,0.18352777777777785,11,1
2025-11-29,15.03,8.4,0.18341666666666667,16.62,18.45,20.13,11.400000000000011,19.60000000000001,0.17630555555555563,11,1
2025-11-30,16.14,4.8,0.20220833333333332,15.03,16.62,18.45,14.00000000000001,17.90000000000001,0.18518055555555565,11,1
2025-12-01,30.33,5.1,0.22508333333333333,16.14,15.03,16.62,18.30000000000001,23.000000000000007,0.2035694444444445,12,1
2025-12-02,21.8,4.0,0.275625,30.33,16.14,15.03,13.90000000000001,27.000000000000007,0.23430555555555563,12,1
2025-12-03,37.73,12.9,0.40445833333333336,21.8,30.33,16.14,22.00000000000001,38.20000000000001,0.3017222222222223,12,1
2025-12-04,57.48,12.0,0.46208333333333335,37.73,21.8,30.33,28.900000000000013,48.00000000000001,0.38072222222222235,12,1
2025-12-05,57.34,3.7,0.4255,57.48,37.73,21.8,28.600000000000012,50.90000000000001,0.4306805555555557,12,1
2025-12-06,34.32,2.6,0.3681666666666667,57.34,57.48,37.73,18.30000000000001,45.10000000000001,0.4185833333333335,12,1
2025-12-07,33.67,4.8,0.3325416666666667,34.32,57.34,57.48,11.10000000000001,45.10000000000001,0.3754027777777778,12,1
2025-12-08,42.15,1.7000000000000002,0.35925,33.67,34.32,57.34,9.10000000000001,41.7,0.3533194444444445,12,1
2025-12-09,30.84,1.4,0.3565416666666667,42.15,33.67,34.32,7.900000000000011,39.10000000000001,0.3494444444444445,12,1
2025-12-10,24.47,1.5,0.29091666666666666,30.84,42.15,33.67,4.60000000000001,27.700000000000006,0.33556944444444453,12,1
2025-12-11,36.93,3.0,0.26491666666666663,24.47,30.84,42.15,5.900000000000009,18.700000000000006,0.30412500000000003,12,1
2025-12-12,45.99,2.2,0.26479166666666665,36.93,24.47,30.84,6.70000000000001,17.200000000000006,0.27354166666666674,12,1
2025-12-13,27.77,0.2,0.209375,45.99,36.93,24.47,5.400000000000009,14.800000000000006,0.24636111111111117,12,1
2025-12-14,26.54,4.0,0.19170833333333334,27.77,45.99,36.93,6.400000000000009,14.000000000000007,0.2219583333333334,12,1
2025-12-15,23.1,3.1,0.17691666666666664,26.54,27.77,45.99,7.30000000000001,15.400000000000007,0.19266666666666674,12,1
2025-12-16,19.18,5.3,0.18391666666666664,23.1,26.54,27.77,12.40000000000001,19.300000000000008,0.18418055555555565,12,1
2025-12-17,18.68,1.0,0.20533333333333334,19.18,23.1,26.54,9.40000000000001,18.800000000000008,0.18872222222222226,12,1
2025-12-18,19.28,10.700000000000001,0.19666666666666666,18.68,19.18,23.1,17.00000000000001,26.500000000000007,0.19530555555555562,12,1
2025-12-19,22.93,16.0,0.24854166666666666,19.28,18.68,19.18,27.70000000000001,40.30000000000001,0.2168472222222223,12,1
2025-12-20,32.34,1.6,0.2650416666666667,22.93,19.28,18.68,28.30000000000001,41.7,0.23675000000000004,12,1
2025-12-21,41.95,11.8,0.30575,32.34,22.93,19.28,29.400000000000006,49.50000000000001,0.27311111111111114,12,1
2025-12-22,49.0,6.7,0.2754583333333333,41.95,32.34,22.93,20.10000000000001,53.1,0.2820833333333334,12,1
2025-12-23,34.89,1.4,0.22508333333333333,49.0,41.95,32.34,19.90000000000001,49.20000000000001,0.26876388888888897,12,1
2025-12-24,29.41,11.700000000000001,0.255625,34.89,49.0,41.95,19.80000000000001,59.900000000000006,0.25205555555555564,12,1
2025-12-25,22.88,8.3,0.209,29.41,34.89,49.0,21.400000000000013,57.50000000000001,0.22990277777777782,12,1
2025-12-26,32.88,13.0,0.221375,22.88,29.41,34.89,33.00000000000001,54.50000000000001,0.2286666666666667,12,1
2025-12-27,26.35,1.5,0.1965416666666667,32.88,22.88,29.41,22.80000000000001,54.400000000000006,0.2089722222222223,12,1
2025-12-28,20.88,11.8,0.21533333333333335,26.35,32.88,22.88,26.30000000000001,54.400000000000006,0.21108333333333343,12,1
2025-12-29,35.22,2.5,0.20441666666666666,20.88,26.35,32.88,15.80000000000001,50.2,0.20543055555555564,12,1
2025-12-30,36.07,35.4,0.2548333333333333,35.22,20.88,26.35,49.70000000000001,84.2,0.22486111111111118,12,1
2025-12-31,67.55,30.6,0.37595833333333334,36.07,35.22,20.88,68.5,103.1,0.27840277777777783,12,1
2026-01-01,75.38,7.4,0.3917916666666667,67.55,36.07,35.22,73.4,102.2,0.3408611111111111,1,1
2026-01-02,45.03,36.5,0.40275,75.38,67.55,36.07,74.50000000000001,125.7,0.3901666666666668,1,1
2026-01-03,99.93,15.6,0.46708333333333335,45.03,75.38,67.55,59.500000000000014,139.8,0.42054166666666676,1,1
2026-01-04,64.16,5.0,0.42975,99.93,45.03,75.38,57.100000000000016,133.0,0.4331944444444445,1,1
2026-01-05,33.67,3.4,0.401875,64.16,99.93,45.03,24.000000000000014,133.89999999999998,0.43290277777777786,1,1
2026-01-06,27.91,1.6,0.32287499999999997,33.67,64.16,99.93,10.000000000000014,100.1,0.38483333333333336,1,1
2026-01-07,27.84,7.5,0.2977916666666667,27.91,33.67,64.16,12.500000000000014,77.0,0.34084722222222225,1,1
2026-01-08,26.61,0.39999999999999997,0.29033333333333333,27.84,27.91,33.67,9.500000000000014,70.0,0.3036666666666667,1,1
2026-01-09,24.76,2.3,0.27675,26.61,27.84,27.91,10.200000000000014,35.8,0.2882916666666668,1,1
2026-01-10,39.18,6.5,0.3096666666666667,24.76,26.61,27.84,9.200000000000014,26.699999999999996,0.29225000000000007,1,1
2026-01-11,35.06,9.2,0.32004166666666667,39.18,24.76,26.61,18.000000000000014,30.9,0.3021527777777779,1,1
2026-01-12,53.33,37.8,0.40058333333333335,35.06,39.18,24.76,53.500000000000014,65.3,0.3434305555555556,1,1
2026-01-13,113.82,3.0,0.3620833333333333,53.33,35.06,39.18,50.000000000000014,66.69999999999999,0.36090277777777785,1,1
2026-01-14,63.42,11.7,0.39562499999999995,113.82,53.33,35.06,52.500000000000014,70.89999999999999,0.3860972222222223,1,1
2026-01-15,50.76,7.3999999999999995,0.41079166666666667,63.42,113.82,53.33,22.100000000000012,77.9,0.3895000000000001,1,1
2026-01-16,37.99,17.6,0.43745833333333334,50.76,63.42,113.82,36.70000000000002,93.19999999999999,0.4146250000000001,1,1
2026-01-17,53.08,40.6,0.47058333333333335,37.99,50.76,63.42,65.60000000000001,127.3,0.4396111111111112,1,1
2026-01-18,97.4,52.2,0.4599166666666667,53.08,37.99,50.76,110.4,170.3,0.4559861111111112,1,1
2026-01-19,55.62,2.5,0.4286666666666667,97.4,53.08,37.99,95.30000000000001,135.0,0.4530555555555557,1,1
2026-01-20,47.64,13.5,0.4395833333333334,55.62,97.4,53.08,68.20000000000002,145.5,0.4427222222222224,1,1
2026-01-21,49.7,8.5,0.433375,47.64,55.62,97.4,24.500000000000007,142.3,0.43387500000000007,1,1
2026-01-22,71.44,29.4,0.4350416666666667,49.7,47.64,55.62,51.400000000000006,164.3,0.4360000000000001,1,1
2026-01-23,112.76,44.2,0.43520833333333336,71.44,49.7,47.64,82.10000000000001,190.9,0.43454166666666677,1,1
2026-01-24,150.36,2.5,0.40808333333333335,112.76,71.44,49.7,76.10000000000001,152.8,0.42611111111111116,1,1
2026-01-25,94.5,4.2,0.3890416666666667,150.36,112.76,71.44,50.90000000000001,104.8,0.41077777777777785,1,1
2026-01-26,54.21,3.4,0.364625,94.5,150.36,112.76,10.100000000000007,105.7,0.38725000000000004,1,1
2026-01-27,43.67,10.9,0.33979166666666666,54.21,94.5,150.36,18.500000000000007,103.1,0.3644861111111111,1,1
2026-01-28,74.34,31.0,0.4410833333333333,43.67,54.21,94.5,45.30000000000001,125.6,0.3818333333333334,1,1
2026-01-29,101.09,29.8,0.443875,74.34,43.67,54.21,71.70000000000002,126.0,0.40825000000000006,1,1
2026-01-30,92.33,11.1,0.418375,101.09,74.34,43.67,71.9,92.9,0.43444444444444447,1,1
2026-01-31,58.16,17.9,0.4143333333333334,92.33,101.09,74.34,58.800000000000004,108.30000000000001,0.4255277777777779,1,1
2026-02-01,54.72,22.6,0.42183333333333334,58.16,92.33,101.09,51.60000000000001,126.7,0.4181805555555556,2,1
2026-02-02,52.33,15.9,0.428625,54.72,58.16,92.33,56.400000000000006,139.2,0.42159722222222235,2,1
2026-02-03,59.53,3.2,0.40204166666666663,52.33,54.72,58.16,41.70000000000001,131.5,0.41750000000000004,2,1
2026-02-04,52.83,7.1,0.37929166666666664,59.53,52.33,54.72,26.200000000000006,107.6,0.4033194444444445,2,1
2026-02-05,56.54,11.200000000000001,0.384875,52.83,59.53,52.33,21.500000000000007,89.0,0.38873611111111117,2,1
2026-02-06,53.08,11.7,0.37004166666666666,56.54,52.83,59.53,30.000000000000007,89.6,0.3780694444444445,2,1
2026-02-07,56.28,5.8,0.34437500000000004,53.08,56.54,52.83,28.700000000000006,77.5,0.36643055555555565,2,1
2026-02-08,50.05,20.9,0.390625,56.28,53.08,56.54,38.400000000000006,75.8,0.3683472222222223,2,1
2026-02-09,43.16,16.8,0.418125,50.05,56.28,53.08,43.50000000000001,76.7,0.38437500000000013,2,1
2026-02-10,36.15,13.200000000000001,0.416625,43.16,50.05,56.28,50.90000000000001,86.7,0.4084583333333334,2,1
2026-02-11,44.5,1.6,0.3618333333333333,36.15,43.16,50.05,31.60000000000001,81.2,0.39886111111111117,2,1
2026-02-12,56.94,33.3,0.40358333333333335,44.5,36.15,43.16,48.10000000000001,103.30000000000001,0.39401388888888894,2,1
2026-02-13,59.53,6.5,0.4447083333333333,56.94,44.5,36.15,41.400000000000006,98.1,0.40337500000000004,2,1
2026-02-14,41.95,9.9,0.41891666666666666,59.53,56.94,44.5,49.7,102.2,0.42240277777777785,2,1
2026-02-15,53.58,6.6,0.4195,41.95,59.53,56.94,23.000000000000007,87.9,0.42770833333333336,2,1
2026-02-16,53.08,11.9,0.3835,53.58,41.95,59.53,28.400000000000006,83.0,0.40730555555555564,2,1
2026-02-17,52.21,14.3,0.41770833333333335,53.08,53.58,41.95,32.80000000000001,84.1,0.40690277777777784,2,1
2026-02-18,60.8,3.3,0.42841666666666667,52.21,53.08,53.58,29.500000000000007,85.80000000000001,0.40987500000000016,2,1
2026-02-19,57.75,31.8,0.43287499999999995,60.8,52.21,53.08,49.400000000000006,84.3,0.4263333333333334,2,1
2026-02-20,79.35,32.7,0.4144583333333333,57.75,60.8,52.21,67.80000000000001,110.5,0.4252500000000001,2,1
2026-02-21,52.09,6.0,0.39279166666666665,79.35,57.75,60.8,70.5,106.6,0.41337500000000005,2,1
2026-02-22,41.95,28.4,0.4212916666666667,52.09,79.35,57.75,67.10000000000001,128.4,0.40951388888888896,2,1
2026-02-23,51.48,42.0,0.4214583333333333,41.95,52.09,79.35,76.4,158.5,0.41184722222222225,2,1
2026-02-24,44.39,0.2,0.3915,51.48,41.95,52.09,70.60000000000001,144.4,0.41141666666666676,2,1
2026-02-25,31.14,0.5,0.333625,44.39,51.48,41.95,42.70000000000001,141.6,0.3821944444444445,2,1
2026-02-26,24.94,0.0,0.25733333333333336,31.14,44.39,51.48,0.7000000000000071,109.8,0.3274861111111112,2,1
2026-02-27,22.17,3.8,0.22595833333333334,24.94,31.14,44.39,4.300000000000007,80.9,0.27230555555555563,2,1
2026-02-28,25.49,1.9,0.21508333333333332,22.17,24.94,31.14,5.700000000000006,76.8,0.23279166666666673,2,1
2026-03-01,23.6,2.5000000000000004,0.2285,25.49,22.17,24.94,8.200000000000006,50.9,0.22318055555555563,3,1
2026-03-02,29.13,8.299999999999999,0.27708333333333335,23.6,25.49,22.17,12.700000000000006,17.2,0.2402222222222223,3,1
2026-03-03,44.08,13.7,0.3066666666666667,29.13,23.6,25.49,24.500000000000007,30.7,0.2707500000000001,3,1
2026-03-04,42.15,7.0,0.288125,44.08,29.13,23.6,29.000000000000007,37.2,0.2906250000000001,3,1
2026-03-05,48.66,5.1000000000000005,0.331625,42.15,44.08,29.13,25.800000000000008,42.3,0.3088055555555556,3,1
2026-03-06,35.73,3.8000000000000003,0.3958333333333333,48.66,42.15,44.08,15.900000000000007,42.300000000000004,0.3385277777777779,3,1
2026-03-07,35.31,21.4,0.42954166666666665,35.73,48.66,42.15,30.300000000000004,61.8,0.38566666666666677,3,1
2026-03-08,54.72,22.2,0.474375,35.31,35.73,48.66,47.400000000000006,81.5,0.4332500000000001,3,1
2026-03-09,44.92,3.4,0.41654166666666664,54.72,35.31,35.73,47.00000000000001,76.6,0.44015277777777784,3,1
2026-03-10,40.11,1.5,0.3629166666666667,44.92,54.72,35.31,27.1,64.39999999999999,0.4179444444444445,3,1
2026-03-11,33.75,1.2000000000000002,0.3117083333333333,40.11,44.92,54.72,6.100000000000003,58.599999999999994,0.3637222222222223,3,1
2026-03-12,28.51,0.8,0.25470833333333337,33.75,40.11,44.92,3.5000000000000036,54.300000000000004,0.3097777777777779,3,1
2026-03-13,24.64,0.1,0.20741666666666667,28.51,33.75,40.11,2.1000000000000036,50.6,0.2579444444444445,3,1
2026-03-14,18.63,0.1,0.17279166666666668,24.64,28.51,33.75,1.0000000000000036,29.3,0.21163888888888896,3,1
2026-03-15,16.26,3.7,0.16758333333333333,18.63,24.64,28.51,3.900000000000004,10.8,0.1825972222222223,3,1
2026-03-16,14.7,8.6,0.159625,16.26,18.63,24.64,12.400000000000004,16.0,0.16666666666666674,3,1
2026-03-17,15.56,0.2,0.204875,14.7,16.26,18.63,12.500000000000004,14.7,0.17736111111111116,3,1
2026-03-18,13.96,0.1,0.161625,15.56,14.7,16.26,8.900000000000004,13.600000000000001,0.17537500000000006,3,1
2026-03-19,12.18,4.300000000000001,0.158625,13.96,15.56,14.7,4.600000000000004,17.1,0.17504166666666673,3,1
2026-03-20,13.62,3.1,0.173625,12.18,13.96,15.56,7.5000000000000036,20.099999999999998,0.16462500000000005,3,1
2026-03-21,24.59,8.1,0.20225,13.62,12.18,13.96,15.500000000000004,28.1,0.17816666666666672,3,1
2026-03-22,22.93,0.30000000000000004,0.23229166666666667,24.59,13.62,12.18,11.500000000000004,24.700000000000003,0.20272222222222233,3,1
2026-03-23,17.49,3.7,0.18633333333333335,22.93,24.59,13.62,12.100000000000003,19.8,0.20695833333333344,3,1
2026-03-24,13.0,10.2,0.19666666666666666,17.49,22.93,24.59,14.200000000000003,29.8,0.2050972222222223,3,1
2026-03-25,12.46,1.4,0.177625,13.0,17.49,22.93,15.300000000000002,31.099999999999998,0.1868750000000001,3,1
2026-03-26,19.28,3.8000000000000003,0.18383333333333332,12.46,13.0,17.49,15.400000000000002,30.599999999999998,0.18604166666666674,3,1
2026-03-27,22.6,7.8,0.24083333333333334,19.28,12.46,13.0,13.000000000000004,35.3,0.20076388888888896,3,1
2026-03-28,31.96,5.8,0.35379166666666667,22.6,19.28,12.46,17.400000000000002,33.0,0.25948611111111114,3,1
2026-03-29,31.06,3.2,0.37154166666666666,31.96,22.6,19.28,16.800000000000004,35.900000000000006,0.3220555555555556,3,1
2026-03-30,30.84,0.9,0.411875,31.06,31.96,22.6,9.900000000000004,33.1,0.3790694444444445,3,1
2026-03-31,37.02,7.1,0.44025000000000003,30.84,31.06,31.96,11.200000000000003,30.0,0.40788888888888897,3,1
2026-04-01,34.81,2.8,0.4075416666666667,37.02,30.84,31.06,10.800000000000004,31.400000000000002,0.419888888888889,4,0
2026-04-02,46.1,7.3,0.435625,34.81,37.02,30.84,17.200000000000003,34.9,0.4278055555555556,4,0
2026-04-03,50.64,14.2,0.41300000000000003,46.1,34.81,37.02,24.3,41.3,0.4187222222222223,4,0
2026-04-04,33.36,6.2,0.4322916666666667,50.64,46.1,34.81,27.7,41.7,0.4269722222222223,4,0
2026-04-05,40.78,5.5,0.437625,33.36,50.64,46.1,25.900000000000002,44.0,0.42763888888888896,4,0
2026-04-06,47.98,2.5,0.433125,40.78,33.36,50.64,14.200000000000003,45.6,0.4343472222222223,4,0
2026-04-07,37.46,2.1,0.4170416666666667,47.98,40.78,33.36,10.100000000000005,40.6,0.42926388888888894,4,0
2026-04-08,29.41,12.0,0.38858333333333334,37.46,47.98,40.78,16.600000000000005,49.800000000000004,0.41291666666666677,4,0
2026-04-09,31.81,11.7,0.43354166666666666,29.41,37.46,47.98,25.800000000000004,54.199999999999996,0.4130555555555557,4,0
2026-04-10,31.06,8.8,0.4312916666666667,31.81,29.41,37.46,32.5,48.800000000000004,0.4178055555555556,4,0
2026-04-11,33.04,6.5,0.41983333333333334,31.06,31.81,29.41,27.000000000000004,49.1,0.4282222222222223,4,0
2026-04-12,38.63,6.9,0.35179166666666667,33.04,31.06,31.81,22.200000000000006,50.5,0.4009722222222223,4,0
2026-04-13,31.96,2.4000000000000004,0.33066666666666666,38.63,33.04,31.06,15.800000000000006,50.4,0.36743055555555565,4,0
2026-04-14,25.61,7.699999999999999,0.3195,31.96,38.63,33.04,17.000000000000007,56.0,0.33398611111111115,4,0
2026-04-15,37.37,4.5,0.294375,25.61,31.96,38.63,14.600000000000005,48.5,0.3148472222222223,4,0
2026-04-16,48.2,10.399999999999999,0.27575,37.37,25.61,31.96,22.6,47.2,0.29654166666666676,4,0
2026-04-17,51.6,7.3,0.3315,48.2,37.37,25.61,22.200000000000003,45.699999999999996,0.30054166666666676,4,0
2026-04-18,43.98,13.700000000000001,0.34450000000000003,51.6,48.2,37.37,31.400000000000006,52.9,0.3172500000000001,4,0
2026-04-19,36.24,2.3000000000000003,0.26537499999999997,43.98,51.6,48.2,23.300000000000008,48.3,0.31379166666666675,4,0
2026-04-20,33.51,3.0,0.23583333333333334,36.24,43.98,51.6,19.000000000000007,48.9,0.28190277777777784,4,0
2026-04-21,25.55,16.8,0.27379166666666666,33.51,36.24,43.98,22.10000000000001,58.0,0.25833333333333336,4,0
2026-04-22,26.23,11.700000000000001,0.38729166666666665,25.55,33.51,36.24,31.500000000000007,65.2,0.2989722222222223,4,0
2026-04-23,29.27,0.8,0.34675000000000006,26.23,25.55,33.51,29.300000000000008,55.6,0.33594444444444455,4,0
2026-04-24,25.24,1.0,0.30720833333333336,29.27,26.23,25.55,13.500000000000009,49.300000000000004,0.3470833333333334,4,0
2026-04-25,19.28,8.6,0.3173333333333333,25.24,29.27,26.23,10.400000000000007,44.2,0.32376388888888896,4,0
2026-04-26,23.72,3.6,0.3319166666666667,19.28,25.24,29.27,13.200000000000006,45.50000000000001,0.3188194444444445,4,0
2026-04-27,17.45,1.2,0.330375,23.72,19.28,25.24,13.400000000000007,43.7,0.32654166666666673,4,0
2026-04-28,24.35,26.4,0.35341666666666666,17.45,23.72,19.28,31.200000000000006,53.3,0.33856944444444453,4,0
2026-04-29,27.05,7.5,0.329,24.35,17.45,23.72,35.10000000000001,49.099999999999994,0.33759722222222227,4,0
2026-04-30,30.99,22.0,0.38995833333333335,27.05,24.35,17.45,55.900000000000006,70.3,0.35745833333333343,4,0
2026-05-01,36.33,1.9000000000000001,0.3995416666666667,30.99,27.05,24.35,31.400000000000006,71.2,0.3728333333333334,5,0
2026-05-02,31.14,5.1,0.33391666666666664,36.33,30.99,27.05,29.000000000000007,67.7,0.3744722222222223,5,0
2026-05-03,24.29,22.0,0.336,31.14,36.33,30.99,29.000000000000007,86.10000000000001,0.3564861111111111,5,0
2026-05-04,32.34,12.500000000000002,0.4482916666666667,24.29,31.14,36.33,39.60000000000001,97.4,0.37273611111111116,5,0
2026-05-05,48.43,21.0,0.443,32.34,24.29,31.14,55.50000000000001,92.0,0.4090972222222223,5,0
2026-05-06,51.48,1.3,0.41887500000000005,48.43,32.34,24.29,34.800000000000004,85.8,0.4367222222222223,5,0
2026-05-07,33.75,0.6,0.33266666666666667,51.48,48.43,32.34,22.900000000000006,64.4,0.3981805555555556,5,0
2026-05-08,19.56,0.1,0.261,33.75,51.48,48.43,2.000000000000007,62.6,0.33751388888888895,5,0
2026-05-09,14.17,3.1,0.22895833333333335,19.56,33.75,51.48,3.800000000000007,60.6,0.2742083333333334,5,0
2026-05-10,12.84,4.7,0.22191666666666665,14.17,19.56,33.75,7.9000000000000075,43.30000000000001,0.23729166666666676,5,0
2026-05-11,13.16,6.7,0.21204166666666668,12.84,14.17,19.56,14.500000000000007,37.5,0.22097222222222232,5,0
2026-05-12,17.45,1.2,0.194125,13.16,12.84,14.17,12.600000000000007,17.7,0.2093611111111112,5,0
2026-05-13,13.26,0.7,0.17141666666666666,17.45,13.16,12.84,8.600000000000007,17.1,0.19252777777777785,5,0
2026-05-14,17.03,2.8,0.18020833333333333,13.26,17.45,13.16,4.700000000000006,19.3,0.18191666666666673,5,0
2026-05-15,21.18,11.4,0.23329166666666667,17.03,13.26,17.45,14.900000000000006,30.6,0.1949722222222223,5,0
2026-05-16,43.16,8.1,0.3905,21.18,17.03,13.26,22.300000000000008,35.6,0.26800000000000007,5,0
2026-05-17,48.77,0.2,0.38825,43.16,21.18,17.03,19.700000000000006,31.1,0.3373472222222223,5,0
2026-05-18,23.04,1.4000000000000001,0.30058333333333337,48.77,43.16,21.18,9.700000000000006,25.8,0.3597777777777778,5,0
2026-05-19,21.18,5.7,0.24791666666666667,23.04,48.77,43.16,7.300000000000008,30.300000000000004,0.3122500000000001,5,0
2026-05-20,19.42,5.9,0.22587500000000002,21.18,23.04,48.77,13.000000000000007,35.5,0.2581250000000001,5,0
2026-05-21,25.67,2.8,0.16720833333333332,19.42,21.18,23.04,14.400000000000007,35.5,0.21366666666666675,5,0
2026-05-22,15.22,5.1,0.14008333333333334,25.67,19.42,21.18,13.800000000000008,29.2,0.1777222222222223,5,0
2026-05-23,15.44,11.6,0.19962500000000002,15.22,25.67,19.42,19.500000000000007,32.7,0.1689722222222223,5,0
2026-05-24,40.21,13.0,0.34370833333333334,15.44,15.22,25.67,29.700000000000006,45.5,0.22780555555555562,5,0
2026-05-25,66.76,2.4,0.40604166666666663,40.21,15.44,15.22,27.000000000000007,46.5,0.3164583333333334,5,0
2026-05-26,42.85,1.1,0.3265416666666667,66.76,40.21,15.44,16.500000000000007,41.9,0.35876388888888894,5,0
2026-05-27,23.83,0.0,0.24758333333333335,42.85,66.76,40.21,3.500000000000007,36.0,0.3267222222222223,5,0
2026-05-28,16.3,0.0,0.19620833333333332,23.83,42.85,66.76,1.1000000000000072,33.2,0.2567777777777778,5,0
2026-05-29,13.35,0.5,0.16725,16.3,23.83,42.85,0.5000000000000071,28.6,0.20368055555555564,5,0
2026-05-30,11.91,3.2,0.17566666666666667,13.35,16.3,23.83,3.7000000000000073,20.2,0.1797083333333334,5,0
2026-05-31,13.13,2.1,0.2020833333333333,11.91,13.35,16.3,5.800000000000008,9.3,0.18166666666666673,5,0
2026-06-01,14.45,4.5,0.21533333333333335,13.13,11.91,13.35,9.800000000000008,11.4,0.1976944444444445,6,0
2026-06-02,15.67,0.8,0.244125,14.45,13.13,11.91,7.4000000000000075,11.100000000000001,0.22051388888888898,6,0
2026-06-03,14.35,2.3,0.2215,15.67,14.45,13.13,7.600000000000008,13.4,0.2269861111111112,6,0
2026-06-04,11.76,1.2,0.20279166666666668,14.35,15.67,14.45,4.300000000000008,14.6,0.22280555555555562,6,0
2026-06-05,13.16,0.1,0.18420833333333334,11.76,14.35,15.67,3.6000000000000076,14.200000000000001,0.20283333333333342,6,0
2026-06-06,10.25,0.0,0.16745833333333335,13.16,11.76,14.35,1.300000000000008,11.0,0.18481944444444454,6,0
2026-06-07,7.47,0.0,0.16291666666666668,10.25,13.16,11.76,0.100000000000008,8.9,0.17152777777777786,6,0
2026-06-08,6.78,0.0,0.16245833333333334,7.47,10.25,13.16,0.0,4.3999999999999995,0.16427777777777786,6,0
2026-06-09,6.24,0.0,0.16825,6.78,7.47,10.25,0.0,3.5999999999999996,0.16454166666666672,6,0
2026-06-10,6.0,1.3,0.16708333333333333,6.24,6.78,7.47,1.300000000000008,2.6,0.16593055555555564,6,0
2026-06-11,5.93,1.0,0.1725,6.0,6.24,6.78,2.300000000000008,2.4000000000000004,0.16927777777777786,6,0
2026-06-12,5.59,1.5,0.17925,5.93,6.0,6.24,3.800000000000008,3.8,0.17294444444444454,6,0
2026-06-13,5.41,0.2,0.19091666666666665,5.59,5.93,6.0,2.700000000000008,4.0,0.18088888888888896,6,0
2026-06-14,6.13,8.8,0.22420833333333334,5.41,5.59,5.93,10.500000000000009,12.8,0.19812500000000008,6,0
2026-06-15,5.31,7.4,0.24208333333333332,6.13,5.41,5.59,16.40000000000001,20.200000000000003,0.2190694444444445,6,0
2026-06-16,7.53,1.0,0.23875000000000002,5.31,6.13,5.41,17.20000000000001,21.200000000000003,0.23501388888888897,6,0
2026-06-17,6.69,0.1,0.20191666666666666,7.53,5.31,6.13,8.500000000000009,20.0,0.2275833333333334,6,0
2026-06-18,6.24,0.0,0.18233333333333335,6.69,7.53,5.31,1.100000000000009,19.0,0.20766666666666675,6,0
2026-06-19,5.47,0.0,0.17066666666666666,6.24,6.69,7.53,0.10000000000000889,17.5,0.18497222222222232,6,0
2026-06-20,4.43,7.8,0.18141666666666667,5.47,6.24,6.69,7.800000000000009,25.1,0.17813888888888899,6,0
2026-06-21,6.73,9.3,0.22733333333333336,4.43,5.47,6.24,17.10000000000001,25.6,0.19313888888888897,6,0
2026-06-22,10.12,10.7,0.22966666666666669,6.73,4.43,5.47,27.800000000000008,28.900000000000002,0.21280555555555566,6,0
2026-06-23,10.97,9.0,0.25708333333333333,10.12,6.73,4.43,29.000000000000007,36.9,0.23802777777777787,6,0
2026-06-24,9.81,2.1999999999999997,0.20758333333333334,10.97,10.12,6.73,21.900000000000006,39.0,0.23144444444444454,6,0
2026-06-25,11.62,1.6,0.18712499999999999,9.81,10.97,10.12,12.800000000000008,40.599999999999994,0.21726388888888895,6,0
2026-06-26,9.28,1.2,0.20862499999999998,11.62,9.81,10.97,5.000000000000007,41.8,0.20111111111111116,6,0
2026-06-27,6.74,1.3,0.18095833333333333,9.28,11.62,9.81,4.100000000000007,35.3,0.19223611111111116,6,0
2026-06-28,6.48,1.8,0.18475,6.74,9.28,11.62,4.300000000000007,27.8,0.19144444444444453,6,0
2026-06-29,6.48,0.30000000000000004,0.20483333333333334,6.48,6.74,9.28,3.400000000000007,17.4,0.19018055555555566,6,0
2026-06-30,6.14,0.1,0.19433333333333333,6.48,6.48,6.74,2.2000000000000073,8.5,0.19463888888888894,6,0
2026-07-01,4.66,0.0,0.17033333333333334,6.14,6.48,6.48,0.4000000000000071,6.300000000000001,0.1898333333333334,7,0
2026-07-02,4.13,1.9000000000000001,0.17041666666666666,4.66,6.14,6.48,2.000000000000007,6.6000000000000005,0.1783611111111112,7,0
2026-07-03,3.97,0.4,0.17804166666666665,4.13,4.66,6.14,2.3000000000000074,5.8,0.17293055555555562,7,0
2026-07-04,4.08,0.2,0.18029166666666666,3.97,4.13,4.66,2.500000000000007,4.7,0.17625000000000005,7,0
2026-07-05,3.89,0.2,0.17066666666666666,4.08,3.97,4.13,0.8000000000000071,3.1000000000000005,0.17633333333333337,7,0
2026-07-06,5.28,2.5,0.17333333333333334,3.89,4.08,3.97,2.900000000000007,5.300000000000001,0.17476388888888894,7,0
2026-07-07,4.89,1.2,0.18204166666666666,5.28,3.89,4.08,3.9000000000000066,6.4,0.17534722222222232,7,0
2026-07-08,5.28,0.30000000000000004,0.16833333333333333,4.89,5.28,3.89,4.000000000000007,6.700000000000001,0.17456944444444453,7,0
2026-07-09,4.64,0.2,0.16716666666666669,5.28,4.89,5.28,1.700000000000007,5.0,0.17251388888888897,7,0
2026-07-10,3.49,0.0,0.1625,4.64,5.28,4.89,0.5000000000000071,4.6,0.16600000000000006,7,0
2026-07-11,3.24,0.1,0.16258333333333333,3.49,4.64,5.28,0.30000000000000715,4.5,0.16408333333333341,7,0
2026-07-12,3.21,0.0,0.16258333333333333,3.24,3.49,4.64,0.10000000000000711,4.300000000000001,0.16255555555555565,7,0
2026-07-13,3.17,0.0,0.16745833333333335,3.21,3.24,3.49,0.10000000000000711,1.8,0.16420833333333343,7,0
2026-07-14,3.11,0.30000000000000004,0.165125,3.17,3.21,3.24,0.30000000000000715,0.9000000000000001,0.16505555555555562,7,0
2026-07-15,3.07,0.2,0.1675,3.11,3.17,3.21,0.5000000000000071,0.8,0.16669444444444456,7,0
2026-07-16,3.09,0.0,0.16354166666666667,3.07,3.11,3.17,0.5000000000000071,0.6000000000000001,0.16538888888888895,7,0
2026-07-17,3.06,1.3,0.176125,3.09,3.07,3.11,1.500000000000007,1.9000000000000001,0.16905555555555565,7,0
2026-07-18,3.81,2.0999999999999996,0.202125,3.06,3.09,3.07,3.4000000000000066,3.8999999999999995,0.1805972222222223,7,0
2026-07-19,4.53,1.3,0.20325000000000001,3.81,3.06,3.09,4.700000000000006,5.199999999999999,0.1938333333333334,7,0
2026-07-20,4.28,0.5,0.174125,4.53,3.81,3.06,3.9000000000000066,5.699999999999999,0.19316666666666674,7,0
2026-07-21,5.05,2.1,0.17654166666666668,4.28,4.53,3.81,3.9000000000000075,7.5,0.184638888888889,7,0
2026-07-22,4.26,0.2,0.167,5.05,4.28,4.53,2.800000000000008,7.5,0.17255555555555566,7,0
2026-07-23,3.27,1.3,0.167,4.26,5.05,4.28,3.6000000000000076,8.8,0.17018055555555564,7,0
2026-07-24,3.07,0.0,0.166875,3.27,4.26,5.05,1.500000000000007,7.5,0.1669583333333334,7,0
2026-07-25,3.06,0.0,0.16329166666666667,3.07,3.27,4.26,1.3000000000000071,5.4,0.1657222222222223,7,0
2026-07-26,2.97,0.0,0.16445833333333335,3.06,3.07,3.27,0.0,4.1000000000000005,0.16487500000000008,7,0
2026-07-27,2.94,0.0,0.161625,2.97,3.06,3.07,0.0,3.6000000000000005,0.16312500000000008,7,0
2026-07-28,2.87,0.0,0.15945833333333334,2.94,2.97,3.06,0.0,1.5,0.1618472222222223,7,0
2026-07-29,2.86,1.1,0.16475,2.87,2.94,2.97,1.1000000000000072,2.4000000000000004,0.16194444444444453,7,0
2026-07-30,3.07,2.1,0.175125,2.86,2.87,2.94,3.2000000000000073,3.2,0.1664444444444445,7,0
2026-07-31,5.97,3.0,0.18133333333333335,3.07,2.86,2.87,6.200000000000007,6.2,0.1737361111111112,7,0
2026-08-01,10.8,0.4,0.18141666666666667,5.97,3.07,2.86,5.500000000000007,6.6000000000000005,0.17929166666666674,8,0
2026-08-02,6.06,0.1,0.18141666666666667,10.8,5.97,3.07,3.500000000000007,6.7,0.18138888888888896,8,0
2026-08-03,4.83,4.3,0.19141666666666668,6.06,10.8,5.97,4.800000000000007,11.0,0.18475000000000008,8,0
2026-08-04,8.84,3.4,0.20291666666666666,4.83,6.06,10.8,7.800000000000006,14.4,0.19191666666666674,8,0
2026-08-05,7.79,1.9,0.20154166666666665,8.84,4.83,6.06,9.600000000000007,15.2,0.19862500000000008,8,0
2026-08-06,4.68,0.0,0.16804166666666667,7.79,8.84,4.83,5.300000000000007,13.099999999999998,0.1908333333333334,8,0
2026-08-07,3.69,0.8,0.17129166666666665,4.68,7.79,8.84,2.7000000000000073,10.899999999999999,0.18029166666666674,8,0
2026-08-08,4.13,0.30000000000000004,0.16974999999999998,3.69,4.68,7.79,1.1000000000000072,10.8,0.1696944444444445,8,0
2026-08-09,3.55,0.0,0.16383333333333336,4.13,3.69,4.68,1.1000000000000072,10.7,0.16829166666666673,8,0
2026-08-10,3.11,0.0,0.16241666666666668,3.55,4.13,3.69,0.30000000000000715,6.4,0.16533333333333342,8,0
2026-08-11,3.06,0.0,0.165,3.11,3.55,4.13,0.0,3.0,0.1637500000000001,8,0
2026-08-12,3.3,0.30000000000000004,0.16387500000000002,3.06,3.11,3.55,0.30000000000000715,1.4000000000000001,0.16376388888888896,8,0
2026-08-13,3.09,0.0,0.162,3.3,3.06,3.11,0.30000000000000715,1.4000000000000001,0.1636250000000001,8,0
2026-08-14,2.83,0.4,0.16425,3.09,3.3,3.06,0.7000000000000072,1.0,0.16337500000000008,8,0
2026-08-15,2.78,3.5,0.17841666666666667,2.83,3.09,3.3,3.900000000000007,4.2,0.1682222222222223,8,0
2026-08-16,3.83,0.9,0.1874583333333333,2.78,2.83,3.09,4.800000000000007,5.1000000000000005,0.17670833333333338,8,0
2026-08-17,3.8,1.8,0.18112499999999998,3.83,2.78,2.83,6.200000000000006,6.9,0.18233333333333338,8,0
2026-08-18,3.55,0.0,0.1635,3.8,3.83,2.78,2.7000000000000073,6.9,0.17736111111111116,8,0
2026-08-19,4.04,7.4,0.18237499999999998,3.55,3.8,3.83,9.200000000000008,14.0,0.17566666666666672,8,0
2026-08-20,35.22,0.8999999999999999,0.16429166666666667,4.04,3.55,3.8,8.300000000000008,14.9,0.17005555555555563,8,0
2026-08-21,20.04,0.0,0.18995833333333334,35.22,4.04,3.55,8.300000000000008,14.5,0.1788750000000001,8,0
2026-08-22,5.18,0.30000000000000004,0.17433333333333334,20.04,35.22,4.04,1.200000000000007,11.3,0.17619444444444454,8,0
2026-08-23,2.94,1.4000000000000001,0.17208333333333334,5.18,20.04,35.22,1.7000000000000073,11.8,0.17879166666666677,8,0
2026-08-24,2.5,0.0,0.16670833333333335,2.94,5.18,20.04,1.7000000000000073,10.0,0.17104166666666676,8,0
2026-08-25,2.28,0.2,0.16591666666666668,2.5,2.94,5.18,1.6000000000000072,10.2,0.16823611111111117,8,0
2026-08-26,2.15,2.8,0.17725000000000002,2.28,2.5,2.94,3.000000000000007,5.6,0.16995833333333343,8,0
2026-08-27,5.79,1.6,0.19070833333333334,2.15,2.28,2.5,4.600000000000007,6.3,0.1779583333333334,8,0
2026-08-28,4.48,0.2,0.17629166666666665,5.79,2.15,2.28,4.600000000000007,6.500000000000001,0.18141666666666675,8,0
2026-08-29,2.52,0.0,0.16370833333333334,4.48,5.79,2.15,1.8000000000000071,6.2,0.17690277777777785,8,0
2026-08-30,2.76,1.2,0.16979166666666667,2.52,4.48,5.79,1.400000000000007,6.0,0.1699305555555556,8,0
2026-08-31,3.03,0.7,0.18204166666666666,2.76,2.52,4.48,1.900000000000007,6.7,0.1718472222222223,8,0
2026-09-01,3.97,1.0,0.17654166666666668,3.03,2.76,2.52,2.900000000000007,7.5,0.1761250000000001,9,0
2026-09-02,5.01,0.0,0.17900000000000002,3.97,3.03,2.76,1.700000000000007,4.699999999999999,0.17919444444444452,9,0
2026-09-03,4.42,0.0,0.16320833333333334,5.01,3.97,3.03,1.000000000000007,3.0999999999999996,0.17291666666666675,9,0
2026-09-04,3.91,0.9,0.166,4.42,5.01,3.97,0.9000000000000071,3.8,0.16940277777777787,9,0
2026-09-05,3.94,0.0,0.16487500000000002,3.91,4.42,5.01,0.9000000000000071,3.8,0.16469444444444453,9,0
2026-09-06,4.06,0.0,0.16266666666666665,3.94,3.91,4.42,0.9000000000000071,2.6,0.16451388888888896,9,0
2026-09-07,4.16,0.0,0.16329166666666667,4.06,3.94,3.91,0.0,1.9,0.16361111111111118,9,0
2026-09-08,3.83,2.4,0.16895833333333332,4.16,4.06,3.94,2.400000000000007,3.3,0.1649722222222223,9,0
2026-09-09,4.45,3.6,0.179625,3.83,4.16,4.06,6.000000000000007,6.9,0.1706250000000001,9,0
2026-09-10,5.14,1.0,0.17683333333333331,4.45,3.83,4.16,7.000000000000007,7.9,0.17513888888888896,9,0
2026-09-11,6.94,0.30000000000000004,0.17379166666666668,5.14,4.45,3.83,4.900000000000007,7.3,0.17675000000000007,9,0
2026-09-12,4.4,0.1,0.16970833333333332,6.94,5.14,4.45,1.4000000000000072,7.3999999999999995,0.1734444444444445,9,0
2026-09-13,2.87,0.0,0.17041666666666666,4.4,6.94,5.14,0.4000000000000071,7.3999999999999995,0.17130555555555563,9,0
2026-09-14,2.56,0.0,0.164125,2.87,4.4,6.94,0.10000000000000711,7.3999999999999995,0.1680833333333334,9,0
2026-09-15,2.37,0.0,0.16320833333333334,2.56,2.87,4.4,0.0,5.0,0.16591666666666674,9,0
2026-09-16,2.24,0.6,0.164,2.37,2.56,2.87,0.6000000000000071,2.0,0.16377777777777786,9,0
2026-09-17,2.6,0.8999999999999999,0.17,2.24,2.37,2.56,1.500000000000007,1.9,0.1657361111111112,9,0
2026-09-18,2.99,2.9,0.17895833333333333,2.6,2.24,2.37,4.4000000000000075,4.5,0.1709861111111112,9,0
2026-09-19,13.22,10.5,0.356125,2.99,2.6,2.24,14.300000000000008,14.9,0.23502777777777786,9,0
2026-09-20,16.5,0.5,0.2743333333333333,13.22,2.99,2.6,13.900000000000007,15.4,0.26980555555555563,9,0
2026-09-21,8.02,22.700000000000003,0.21120833333333333,16.5,13.22,2.99,33.70000000000001,38.1,0.2805555555555556,9,0
2026-09-22,8.42,1.4,0.15341666666666667,8.02,16.5,13.22,24.60000000000001,39.5,0.21298611111111118,9,0
